team,split_games,points_for,points_against,off_poss,def_poss,opp_mean_off_rating,opp_mean_def_rating,opp_mean_net_rating,split_type,bucket,bucket_is_gt_115,split_off_rating,split_def_rating,split_net_rating,games,base_off_rating,base_def_rating,base_net_rating,split_game_share,split_off_rating_minus_base,naive_pred_split_off_rating,model_pred_split_off_rating,naive_resid_split_off_rating,model_resid_split_off_rating,split_def_rating_minus_base,naive_pred_split_def_rating,model_pred_split_def_rating,naive_resid_split_def_rating,model_resid_split_def_rating,naive_pred_split_net_rating,model_pred_split_net_rating,naive_resid_split_net_rating,model_resid_split_net_rating
ATL,33,4061,3739,3378.0,3370.0,112.80883271939973,118.78520291817773,-5.976370198778007,opp_def_rating,opp_gt_115,1,120.21906453522794,110.94955489614244,9.269509639085499,82,115.12206684048351,112.94955489614242,2.172511944341096,0.4024390243902439,5.096997694744431,118.4823769763593,118.84142614901371,1.7366875588686383,1.3776383862142296,-1.9999999999999716,111.30671324902148,110.67284258480875,-0.35715835287903985,0.27671231133369645,7.17566372733782,8.168583564204965,2.093845911747678,1.1009260748805332
BKN,32,3547,3605,3037.0,3037.0,113.18877594909642,118.60527818028848,-5.416502231192053,opp_def_rating,opp_gt_115,1,116.79288771814291,118.7026671056964,-1.909779387553499,82,109.50579929399899,119.65005035246728,-10.144251058468285,0.3902439024390244,7.287088424143917,112.86610942987478,112.84920959412757,3.9267782882681246,3.943678124015335,-0.9473832467708689,118.00720870534634,116.8576975106369,0.6954584003500628,1.84496959505951,-5.141099275471561,-4.008487916509324,3.231319887918062,2.098708528955825
BOS,34,4052,3555,3264.0,3274.0,112.8619201404841,118.72792554771821,-5.86600540723413,opp_def_rating,opp_gt_115,1,124.1421568627451,108.58277336591327,15.559383496831828,82,119.97452229299364,111.72282263191353,8.25169966108011,0.4146341463414634,4.167634569751456,123.33483242886943,123.51865229489714,0.8073244338756638,0.6235045678479594,-3.1400492660002612,110.0799809847926,109.78963973180977,-1.4972076188793295,-1.2068663658965022,13.254851444076834,13.729012563087366,2.3045320527549933,1.8303709337444616
CHA,35,4236,3866,3444.0,3446.0,112.84532277952916,118.74208199239054,-5.896759212861402,opp_def_rating,opp_gt_115,1,122.99651567944252,112.18804410911201,10.80847157033051,82,118.40926064227035,113.48020911127708,4.929051530993277,0.4268292682926829,4.58725503717217,121.76957077814615,122.24381213928545,1.2269449012963776,0.7527035401570714,-1.2921650021650635,111.83736746415615,111.80443512887514,0.35067664495586826,0.38360898023687184,9.932203313990001,10.439377010410311,0.8762682563405093,0.36909455992019957
CHI,32,3842,3864,3335.0,3324.0,112.99010974221127,118.86455225067797,-5.874442508466695,opp_def_rating,opp_gt_115,1,115.20239880059971,116.24548736462094,-1.0430885640212324,82,112.12085586644722,117.41692198915861,-5.2960661227113945,0.3902439024390244,3.0815429341524947,115.48116600232301,115.90792188428792,-0.27876720172329783,-0.705523083688206,-1.1714346245376674,115.77408034203768,114.82945918345321,0.4714070225832643,1.4160281811677322,-0.2929143397146703,1.0784627008347059,-0.7501742243065621,-2.1215512648559383
CLE,35,4308,3993,3538.0,3538.0,112.84532277952916,118.74208199239054,-5.896759212861402,opp_def_rating,opp_gt_115,1,121.76370830977955,112.86037309214245,8.903335217637093,82,118.28385228095584,114.14787118562298,4.135981095332866,0.4268292682926829,3.479856028823704,121.64416241683163,122.14008151788623,0.11954589294791163,-0.37637320810668484,-1.2874980934805222,112.50502953850204,112.46717935804567,0.3553435536404095,0.3931937340967835,9.13913287832959,9.672902159840561,-0.23579766069249786,-0.7695669422034683
DAL,38,4454,4543,3848.0,3860.0,114.12644167957768,118.47096483776355,-4.3445231581858765,opp_def_rating,opp_gt_115,1,115.74844074844076,117.69430051813472,-1.9458597696939677,82,111.72397325692454,116.95278969957081,-5.228816442646277,0.4634146341463415,4.024467491516219,115.08428339280033,114.9514951677833,0.6641573556404268,0.7969455806574501,0.7415108185639099,115.30994805244988,115.8395141933412,2.3843524656848416,1.8547863247935226,-0.22566465964955285,-0.8880190255578952,-1.7201951100444148,-1.0578407441360724
DEN,35,4313,4062,3512.0,3513.0,112.86866687596704,118.7122491834023,-5.843582307435252,opp_def_rating,opp_gt_115,1,122.80751708428245,115.6276686592656,7.179848425016857,82,121.2011139363119,116.02129719264278,5.179816743669122,0.4268292682926829,1.6064031479705534,124.56142407218769,124.9408229757381,-1.7539069879052391,-2.133305891455649,-0.39362853337718207,114.37845554552185,114.36838084108392,1.2492131137437497,1.2592878181816758,10.182968526665846,10.572442134654182,-3.003120101648989,-3.3925937096373247
DET,36,4370,3960,3625.0,3636.0,112.75255823826441,118.76730333572601,-6.014745097461593,opp_def_rating,opp_gt_115,1,120.55172413793103,108.91089108910892,11.640833048822117,82,117.32474790426437,108.9058524173028,8.418895486961574,0.43902439024390244,3.2269762336666616,120.68505804014016,121.34165663730509,-0.13333390220913088,-0.7899324993740606,0.005038671806119055,107.26301077018186,107.52781707604281,1.6478803189270508,1.383074013066107,13.422047269958298,13.813839561262284,-1.7812142211361817,-2.1730065124401676
GSW,39,4567,4428,3922.0,3923.0,113.99682939859206,118.35321061395959,-4.3563812153675165,opp_def_rating,opp_gt_115,1,116.44569097399287,112.87280142747898,3.572889546513892,82,113.9427740058196,114.45885347230637,-0.5160794664867723,0.47560975609756095,2.502916968173267,117.3030841416954,117.0770975236736,-0.8573931677025257,-0.6314065496807331,-1.5860520448273974,112.81601182518544,113.61230630359837,0.05678960229353436,-0.7395048761193976,4.487072316509952,3.4647912200752273,-0.9141827699960601,0.10809832643866457
HOU,41,4834,4554,4029.0,4032.0,113.81182420729573,118.37526996414229,-4.563445756846587,opp_def_rating,opp_gt_115,1,119.98014395631671,112.94642857142858,7.033715384888126,82,117.49564784879382,112.13175885643255,5.363888992361268,0.5,2.4844961075228866,120.85595798466962,120.9330421397368,-0.8758140283529059,-0.9528981834200891,0.8146697149960289,110.48891720931162,111.93994002890209,2.4575113621169606,1.0064885425264976,10.367040775357992,8.993102110834712,-3.3333253904698665,-1.9593867259465867
IND,31,3526,3666,3157.0,3161.0,113.1154234881959,118.7595626873304,-5.644139199134517,opp_def_rating,opp_gt_115,1,111.68831168831169,115.97595697564063,-4.287645287328942,82,110.75204228736185,118.6066066066066,-7.8545643192447585,0.3780487804878049,0.9362694009498398,114.11235242323764,114.18921006348963,-2.4240407349259527,-2.5008983751779397,-2.6306496309659764,116.96376495948567,115.64503288822458,-0.9878079838450446,0.33092408741605084,-2.8514125362480343,-1.4558228247349518,-1.436232751080908,-2.8318224625939905
LAC,36,4232,4064,3582.0,3582.0,113.47871993651928,118.67626665216984,-5.197546715650557,opp_def_rating,opp_gt_115,1,118.14628699050809,113.45616973757677,4.690117252931316,82,116.33620152138671,115.20518897343146,1.131012547955251,0.43902439024390244,1.8100854691213755,119.6965116572625,119.87192280909146,-1.550224666754417,-1.7256358185833705,-1.7490192358546892,113.56234732631053,113.73135474012359,-0.10617758873375749,-0.2751850025468201,6.134164330951975,6.140568068967866,-1.4440470780206596,-1.4504508160365503
LAL,36,4414,4088,3529.0,3529.0,113.25775909439567,118.55727433242967,-5.299515238034011,opp_def_rating,opp_gt_115,1,125.0779257580051,115.84018135449136,9.23774440351373,82,118.46516826027566,116.9529499626587,1.512218297616954,0.43902439024390244,6.612757497729433,121.82547839615145,121.92959867439087,3.2524473618536405,3.1483270836142196,-1.1127686081673431,115.31010831553778,115.44226889043058,0.5300730389535886,0.39791246406078074,6.515370080613678,6.487329783960291,2.722374322900052,2.750414619553439
MEM,37,4391,4359,3783.0,3777.0,113.96349748551778,118.36783477304985,-4.4043372875320905,opp_def_rating,opp_gt_115,1,116.0719006079831,115.40905480540111,0.6628458025819839,82,112.40884638374177,118.44404548174745,-6.035199098005677,0.45121951219512196,3.6630542242413213,115.76915651961757,115.43637141985154,0.3027440883655288,0.6355291881315566,-3.0349906763463395,116.80120383462652,116.99366420169228,-1.3921490292254077,-1.584609396291171,-1.0320473150089526,-1.5572927818407436,1.6948931175909365,2.2201385844227275
MIA,33,4143,3829,3486.0,3491.0,112.88807685795877,118.71753236171384,-5.829455503755071,opp_def_rating,opp_gt_115,1,118.84681583476764,109.68203953022058,9.164776304547061,82,115.82330255930817,113.72411372411374,2.0991888351944397,0.4024390243902439,3.0235132754594645,119.18361269518397,119.36597337321051,-0.33679686041632806,-0.5191575384428688,-4.042074193893157,112.0812720769928,111.41799066978133,-2.3992325467722253,-1.735951139560754,7.102340618191164,7.947982703429176,2.0624356863558972,1.2167936011178853
MIL,32,3641,3635,3094.0,3096.0,112.6556631826076,118.65225435387852,-5.9965911712709214,opp_def_rating,opp_gt_115,1,117.67937944408533,117.4095607235142,0.26981872057112355,82,113.52771868351897,119.68769519050593,-6.159976506986965,0.3902439024390244,4.151660760566358,116.88802881939476,117.20224976048182,0.7913506246905655,0.4771296836035077,-2.2781344669917303,118.044853543385,116.99486761654079,-0.6352928198707986,0.41469310697341655,-1.1568247239902405,0.20738214394103238,1.426643444561364,0.06243657663009117
MIN,41,4977,4704,4111.0,4098.0,113.81182420729573,118.37526996414229,-4.563445756846587,opp_def_rating,opp_gt_115,1,121.06543420092434,114.78770131771596,6.277732883208387,82,117.08615682478218,113.92389723703344,3.1622595877487356,0.5,3.9792773761421643,120.44646696065797,120.58417192897677,0.6189672402663717,0.4812622719475712,0.8638040806825131,112.28105558991251,113.71756905245441,2.506645727803445,1.0701322652615488,8.16541137074546,6.866602876522364,-1.8876784875370731,-0.5888699933139776
NOP,36,4308,4282,3720.0,3714.0,113.69948106028794,118.15650426895364,-4.4570232086657064,opp_def_rating,opp_gt_115,1,115.80645161290322,115.29348411416262,0.5129674987405934,82,114.74079457364341,119.16696936675142,-4.426174793108004,0.43902439024390244,1.0656570392598042,118.1011047095192,117.37954990543405,-2.2946530966159884,-1.5730982925308297,-3.873485252588793,117.52412771963048,117.35011327115008,-2.2306436054678613,-2.056629156987455,0.5769769898887205,0.029436634283968033,-0.06400949114812704,0.4835308644566254
NYK,34,4125,3708,3374.0,3370.0,112.82054182233492,118.66113810061977,-5.840596278284848,opp_def_rating,opp_gt_115,1,122.25844694724364,110.02967359050446,12.228773356739183,82,118.68008948545861,112.31343283582089,6.366656649637719,0.4146341463414634,3.578357461785032,122.0403996213344,122.19765579471196,0.21804732590923948,0.060791152531677994,-2.283759245316432,110.67059118869996,110.31634067254585,-0.6409175981955002,-0.28666708204139013,11.369808432634443,11.881315122166114,0.8589649241047397,0.3474582345730681
OKC,37,4516,3941,3780.0,3781.0,114.02662329248525,118.38618320971162,-4.359559917226363,opp_def_rating,opp_gt_115,1,119.47089947089947,104.23168473948692,15.239214731412545,82,117.66124171187462,106.57831325301206,11.082928458862568,0.45121951219512196,1.8096577590248444,121.02155184775042,120.18872488208204,-1.5506523768509481,-0.7178254111825737,-2.3466285135251326,104.93547160589112,105.28011909240423,-0.7037868664042009,-1.0484343529173117,16.086080241859293,14.908605789677807,-0.8468655104467473,0.330608941734738
ORL,33,3935,3713,3361.0,3362.0,112.88807685795877,118.71753236171384,-5.829455503755071,opp_def_rating,opp_gt_115,1,117.07825052067837,110.44021415823914,6.638036362439223,82,114.21179302045728,113.61338468945594,0.5984083310013375,0.4024390243902439,2.866457500221088,117.57210315633307,117.80537819791202,-0.4938526356547044,-0.7271276772336535,-3.1731705312167975,111.97054304233501,111.27875798068932,-1.5303288840958658,-0.8385438224501769,5.601560113998062,6.5266202172227,1.0364762484411614,0.11141614521652343
PHI,35,4262,3990,3543.0,3552.0,112.7706068774592,118.80588565991366,-6.035278782454455,opp_def_rating,opp_gt_115,1,120.29353655094552,112.33108108108108,7.962455469864437,82,114.59237819585142,114.7317661241712,-0.13938792831977764,0.4268292682926829,5.701158355094094,117.95268833172722,118.75082014910929,2.3408482192183016,1.5427164018362305,-2.400685043090121,113.08892447705027,113.01912828732681,-0.7578433959691893,-0.6880472062457272,4.863763854676947,5.73169186178248,3.098691615187491,2.2307636080819577
PHX,39,4553,4287,3848.0,3843.0,113.97207877999615,118.32621718341488,-4.354138403418721,opp_def_rating,opp_gt_115,1,118.32120582120582,111.55347384855581,6.767731972650012,82,114.2150191760485,112.85608124845182,1.3589379275966849,0.47560975609756095,4.106186645157322,117.57532931192429,117.26958021233865,0.7458765092815298,1.0516256088671696,-1.3026073998960044,111.21323960133088,112.00534921286898,0.34023424722492734,-0.45187536431316744,6.362089710593409,5.2642309994696745,0.4056422620566025,1.503500973180337
POR,40,4806,4601,4049.0,4039.0,113.864020481055,118.41083197075659,-4.546811489701595,opp_def_rating,opp_gt_115,1,118.6959743146456,113.91433523149294,4.781639083152655,82,113.85114825057113,114.26336061627347,-0.4122123657023451,0.4878048780487805,4.844826064074468,117.21145838644692,117.33399204386181,1.4845159281986753,1.361982270783784,-0.349025384780532,112.62051896915254,113.7335395270632,1.2938162623403997,0.18079570442974102,4.590939417294379,3.6004525167986117,0.19069966585827558,1.181186566354043
SAC,36,4057,4326,3626.0,3629.0,114.33513500338432,118.14150762720897,-3.8063726238246383,opp_def_rating,opp_gt_115,1,111.88637617209045,119.20639294571507,-7.320016773624616,82,110.55508320174906,120.28124621166202,-9.726163009912966,0.43902439024390244,1.3312929703413943,113.91539333762485,112.87967147390377,-2.0290171655343983,-0.993295301813319,-1.074853265946956,118.63840456454109,118.3755912123983,0.5679883811739757,0.8308017333167612,-4.723011226916242,-5.4959197384945355,-2.597005546708374,-1.8240970351300803
SAS,39,4841,4418,3964.0,3970.0,113.9715013593184,118.30003121485613,-4.328529855537748,opp_def_rating,opp_gt_115,1,122.12411705348134,111.28463476070529,10.839482292776054,82,118.82936267988875,110.47354433438028,8.355818345508467,0.47560975609756095,3.294754373592596,122.18967281576454,121.62273405953822,-0.06555576228319637,0.5013829939431247,0.8110904263250092,108.83070268725935,109.70017454169853,2.453932073445941,1.5844602190067576,13.358970128505192,11.922559517839687,-2.5194878357291373,-1.083077225063633
TOR,34,4013,3755,3413.0,3409.0,112.8619201404841,118.72792554771821,-5.86600540723413,opp_def_rating,opp_gt_115,1,117.57984178142398,110.14960398943971,7.430237791984268,82,114.95658554482084,112.10564930300808,2.850936241812761,0.4146341463414634,2.6232562366031402,118.31689568069663,118.67831363805742,-0.7370538992726523,-1.098471856633438,-1.9560453135683673,110.46280765588715,110.08080678562511,-0.3132036664474356,0.0687972038145972,7.854088024809485,8.597506852432304,-0.4238502328252167,-1.1672690604480351
UTA,36,4371,4438,3760.0,3760.0,113.93867979369394,118.09337212334081,-4.154692329646874,opp_def_rating,opp_gt_115,1,116.25000000000001,118.03191489361701,-1.7819148936169995,82,112.9701230228471,121.15136592801032,-8.181242905163217,0.43902439024390244,3.2798769771529095,116.3304331587229,115.43917088624407,-0.08043315872288304,0.8108291137559434,-3.1194510343933075,119.50852428088939,119.2583338869086,-1.4766093872723758,-1.2264189932915883,-3.1780911221664923,-3.819163000664531,1.3961762285494927,2.0372481070475317
WAS,31,3492,3656,3174.0,3175.0,113.1712069991168,118.46386710318532,-5.292660104068511,opp_def_rating,opp_gt_115,1,110.01890359168243,115.1496062992126,-5.130702707530176,82,109.66595593461265,121.45652947455818,-11.790573539945527,0.3780487804878049,0.3529476570697767,113.02626607048845,112.66463009565176,-3.007362478806016,-2.6457265039693283,-6.306923175345574,119.81368782743725,118.29428551778706,-4.664081528224642,-3.1446792185744528,-6.7874217569488025,-5.629655422135301,1.6567190494186264,0.49895271460512447
ATL,49,5653,5777,5060.0,5055.0,116.66344365746166,112.5722161896062,4.091227467855443,opp_def_rating,opp_lte_115,0,111.71936758893281,114.28288822947576,-2.563520640542947,82,115.12206684048351,112.94955489614242,2.172511944341096,0.5975609756097561,-3.4026992515507004,112.5502121659186,112.87633740429634,-0.8308445769857826,-1.1569698153635244,1.3333333333333428,114.21729707469177,114.94495903689896,0.0655911547839878,-0.6620708074232056,-1.6670849087731767,-2.0686216326026283,-0.8964357317697704,-0.4948990079403188
BKN,50,5139,5900,4895.0,4907.0,116.57897775120044,112.5036933400125,4.075284411187938,opp_def_rating,opp_lte_115,0,104.98467824310521,120.23639698390053,-15.251718740795326,82,109.50579929399899,119.65005035246728,-10.144251058468285,0.6097560975609756,-4.5211210508937825,106.93394461943407,107.72168423694431,-1.9492663763288647,-2.737005993839105,0.5863466314332584,120.91779253101663,121.76296702663082,-0.6813955471160966,-1.5265700427302846,-13.983847911582558,-14.041282789686505,-1.267870829212768,-1.2104359511088205
BOS,48,5366,5232,4586.0,4591.0,116.23095612432944,112.6173098934696,3.6136462308598385,opp_def_rating,opp_lte_115,0,117.0082860880942,113.96209976040079,3.0461863276934054,82,119.97452229299364,111.72282263191353,8.25169966108011,0.5853658536585366,-2.9662362048994453,117.40266761842872,117.76763048203041,-0.3943815303345275,-0.7593443939362174,2.2392771284872595,112.99056481046289,113.55214965002712,0.9715349499379045,0.40995011037367135,4.412102807965837,4.215480832003294,-1.365916480272432,-1.1692945043098888
CHA,47,5277,5251,4590.0,4588.0,116.3861362787409,112.57168017218297,3.814456106557953,opp_def_rating,opp_lte_115,0,114.9673202614379,114.45074106364427,0.5165791977936323,82,118.40926064227035,113.48020911127708,4.929051530993277,0.573170731707317,-3.441940380832449,115.83740596770544,115.95465284951636,-0.8700857062675311,-0.9873325880784591,0.970531952367196,114.74795128982643,114.96367808446716,-0.297210226182159,-0.5129370208228892,1.0894546778790044,0.9909747650492022,-0.5728754800853721,-0.47439556725556997
CHI,50,5695,6100,5171.0,5162.0,116.62063086377728,112.57280905511719,4.047821808660093,opp_def_rating,opp_lte_115,0,110.13343647263585,118.17125145292522,-8.037814980289369,82,112.12085586644722,117.41692198915861,-5.2960661227113945,0.6097560975609756,-1.987419393811365,109.5490011918823,110.27998894543573,0.5844352807535529,-0.1465524727998826,0.7543294637666094,118.68466416770796,119.6253618675624,-0.5134127147827456,-1.454110414637185,-9.135662975825667,-9.345372922126671,1.0978479955362985,1.3075579418373025
CLE,47,5493,5471,4748.0,4753.0,116.36022318331737,112.4982309829332,3.8619922003841864,opp_def_rating,opp_lte_115,0,115.69081718618366,115.10624868504102,0.5845685011426411,82,118.28385228095584,114.14787118562298,4.135981095332866,0.573170731707317,-2.5930350947721763,115.71199760639092,115.74306084763087,-0.02118042020725852,-0.052243661447207046,0.9583774994180487,115.41561336417233,115.58428353652319,-0.3093646791313063,-0.47803485148216396,0.2963842422185934,0.15877731110768423,0.28818425892404775,0.4257911900349569
DAL,44,4904,5267,4528.0,4528.0,116.53210037228475,112.4085441208903,4.123556251394434,opp_def_rating,opp_lte_115,0,108.30388692579504,116.32067137809187,-8.016784452296832,82,111.72397325692454,116.95278969957081,-5.228816442646277,0.5365853658536586,-3.4200863311294967,109.15211858235962,108.73021948143757,-0.8482316565645789,-0.4263325556425315,-0.6321183214789414,118.22053187812017,117.3553480786912,-1.8998605000282964,-1.03467670059932,-9.06841329576055,-8.625128597253621,1.0516288434637175,0.6083441449567886
DEN,47,5697,5526,4747.0,4751.0,116.44399107125093,112.36758443959074,4.0764066316601815,opp_def_rating,opp_lte_115,0,120.01263956182852,116.3123552936224,3.7002842682061186,82,121.2011139363119,116.02129719264278,5.179816743669122,0.573170731707317,-1.188474374483377,118.62925926174698,118.32669717631022,1.3833803000815408,1.6859423855183024,0.29105810097962603,117.28903937119213,117.4275623870269,-0.976684077569729,-1.1152070934044929,1.3402198905548488,0.8991347892833232,2.3600643776512698,2.8011494789227953
DET,46,5287,5028,4606.0,4617.0,116.48932317856735,112.88920502321007,3.600118155357268,opp_def_rating,opp_lte_115,0,114.78506296135475,108.90188434048082,5.8831786208739345,82,117.32474790426437,108.9058524173028,8.418895486961574,0.5609756097560976,-2.5396849429096164,114.75289322969945,115.10338394685651,0.03216973165530135,-0.3183209855017566,-0.0039680768219767515,110.17359459585215,110.28587961709225,-1.2717102553713318,-1.3839952766114294,4.579298633847301,4.817504329764262,1.303879987026633,1.0656742911096728
GSW,43,4831,5016,4326.0,4328.0,116.60036873611094,112.1898924921758,4.410476243935141,opp_def_rating,opp_lte_115,0,111.67360147942674,115.89648798521257,-4.222886505785837,82,113.9427740058196,114.45885347230637,-0.5160794664867723,0.524390243902439,-2.2691725263928646,111.37091933125468,110.22809790512379,0.3026821481720532,1.445503574302947,1.4376345129062003,115.72659565085573,114.50125143577152,0.16989233435684525,1.3952365494410515,-4.355676319601045,-4.273153530647733,0.13278981381520794,0.05026702486189549
HOU,41,4615,4467,4013.0,4013.0,116.30267891676075,112.45474269563744,3.8479362211233075,opp_def_rating,opp_lte_115,0,115.00124595066035,111.31323199601295,3.6880139546474027,82,117.49564784879382,112.13175885643255,5.363888992361268,0.5,-2.494401898133475,114.9237931742289,113.96010755997436,0.07745277643144277,1.0411383906859868,-0.8185268604196096,113.39950103498191,111.83075768468377,-2.0862690389689647,-0.5175256886708297,1.5242921392469952,2.129349875290586,2.1637218154004074,1.5586640793568165
IND,51,5693,6208,5167.0,5164.0,116.67686144397577,112.54633710590946,4.130524338066313,opp_def_rating,opp_lte_115,0,110.17998838784595,120.21688613477923,-10.036897746933278,82,110.75204228736185,118.6066066066066,-7.8545643192447585,0.6219512195121951,-0.5720538995158932,108.18018761279693,109.05779550223234,1.9998007750490245,1.1221928856136145,1.6102795281726259,119.87434878515596,121.05486448091598,0.34253734962327087,-0.8379783461367509,-11.694161172359031,-11.997068978683643,1.6572634254257537,1.9601712317503655
LAC,46,5097,5172,4437.0,4435.0,116.31721728550171,112.54523244177881,3.7719848437229175,opp_def_rating,opp_lte_115,0,114.87491548343476,116.61781285231116,-1.742897368876399,82,116.33620152138671,115.20518897343146,1.131012547955251,0.5609756097560976,-1.4612860379519503,113.7643468468218,113.84424657488653,1.1105686366129675,1.0306689085482361,1.4126238788796996,116.47293115198082,116.34501636637104,0.14488170033034464,0.27279648594011974,-2.7085843051590217,-2.5007697914845153,0.9656869362826228,0.7578724226081164
LAL,46,5126,5308,4524.0,4505.0,116.36662316905965,112.3189046619115,4.047718507148136,opp_def_rating,opp_lte_115,0,113.30680813439433,117.82463928967815,-4.517831155283815,82,118.46516826027566,116.9529499626587,1.512218297616954,0.5609756097560976,-5.15836012588133,115.89331358571074,115.52254654871977,-2.5865054513164125,-2.2157384143254433,0.871689327019439,118.22069214120806,117.99407955390997,-0.396052851529916,-0.1694402642318238,-2.3273785554973188,-2.471533005190196,-2.1904525997864965,-2.0462981500936195
MEM,45,5012,5537,4582.0,4578.0,116.47252365846889,112.44976226523215,4.022761393236728,opp_def_rating,opp_lte_115,0,109.38454823221299,120.94801223241589,-11.563464000202899,82,112.40884638374177,118.44404548174745,-6.035199098005677,0.5487804878048781,-3.0242981515287823,109.83699170917686,109.70093097171345,-0.45244347696386455,-0.3163827395004546,2.5039667506684395,119.7117876602968,119.16106359720162,1.2362245721190845,1.786948635214273,-9.87479595111995,-9.460132625488171,-1.688668049082949,-2.1033313747147275
MIA,49,5768,5891,5071.0,5056.0,116.62609291318617,112.55570524413513,4.0703876690510326,opp_def_rating,opp_lte_115,0,113.7448235062118,116.51503164556962,-2.7702081393578197,82,115.82330255930817,113.72411372411374,2.0991888351944397,0.5975609756097561,-2.0784790530963733,113.25144788474326,113.57287974366774,0.4933756214685445,0.17194376254406052,2.790917921455886,114.99185590266309,115.71957652956912,1.5231757429065311,0.7954551160004968,-1.7404080179198331,-2.1466967859013835,-1.0298001214379866,-0.6235113534564363
MIL,50,5431,5946,4897.0,4909.0,116.6367968831461,112.55099519131123,4.0858016918348845,opp_def_rating,opp_lte_115,0,110.90463549111702,121.12446526787532,-10.219829776758303,82,113.52771868351897,119.68769519050593,-6.159976506986965,0.6097560975609756,-2.6230831924019498,110.95586400895405,111.65015418066427,-0.05122851783703197,-0.7455186895472536,1.4367700773693883,120.95543736905529,121.89980418496167,0.16902789882003333,-0.7753389170863443,-9.999573360101238,-10.249650004297393,-0.2202564166570653,0.029820227539090638
MIN,41,4699,4697,4153.0,4154.0,116.2975107931947,112.26769698833704,4.029813804857655,opp_def_rating,opp_lte_115,0,113.14712256200336,113.07173808377466,0.07538447822869898,82,117.08615682478218,113.92389723703344,3.1622595877487356,0.5,-3.9390342627788186,114.51430215021726,113.29280057148456,-1.3671795882139008,-0.1456780094812018,-0.852159153258782,115.1916394155828,113.50102258675317,-2.119901331808137,-0.4292845029785042,-0.6773372653655372,-0.2082220152686034,0.7527217435942362,0.2836064934973024
NOP,46,5165,5560,4536.0,4545.0,116.42344747406844,112.4585952866065,3.964852187461944,opp_def_rating,opp_lte_115,0,113.8668430335097,122.33223322332233,-8.465390189812638,82,114.74079457364341,119.16696936675142,-4.426174793108004,0.5609756097560976,-0.8739515401337172,112.1689398990785,112.1802556333245,1.6979031344312006,1.6865874001851893,3.165263856570917,120.43471154530077,120.21249980472187,1.8975216780215618,2.119733418600461,-8.265771646222277,-8.032244171397366,-0.19961854359036124,-0.4331460184152718
NYK,48,5424,5322,4672.0,4670.0,116.3579720133395,112.64581010774481,3.712161905594691,opp_def_rating,opp_lte_115,0,116.09589041095892,113.96145610278371,2.1344343081752015,82,118.68008948545861,112.31343283582089,6.366656649637719,0.5853658536585366,-2.5841990744996934,116.10823481089369,116.48960400144638,-0.012344399934775652,-0.3937135904874651,1.6480232669628236,113.58117501437025,114.13339981532134,0.38028108841346864,-0.17194371253762597,2.527059796523446,2.3562041861250407,-0.3926254883482443,-0.22176987794983916
OKC,45,5244,4905,4515.0,4519.0,116.26636370409973,112.86704808052374,3.3993156235759745,opp_def_rating,opp_lte_115,0,116.14617940199336,108.54171276831157,7.604466633681795,82,117.66124171187462,106.57831325301206,11.082928458862568,0.5487804878048781,-1.5150623098812588,115.0893870373097,115.33411804238786,1.056792364683659,0.812061359605508,1.963399515299514,107.84605543156141,107.67675491084817,0.6956573367501591,0.8649578574633949,7.2433316057482955,7.657363131539682,0.36113502793349994,-0.05289649785788697
ORL,49,5556,5726,4949.0,4946.0,116.83886250611879,112.50170214796337,4.337160358155407,opp_def_rating,opp_lte_115,0,112.26510406142656,115.77031945006067,-3.505215388634113,82,114.21179302045728,113.61338468945594,0.5984083310013375,0.5975609756097561,-1.9466889590307233,111.63993834589236,111.76620154154286,0.6251657155341945,0.4989025198836998,2.1569347606047273,114.8811268680053,115.54915759163119,0.8891925820553723,0.22116185842948255,-3.2411885221129353,-3.7829560500883304,-0.2640268665211778,0.2777406614542173
PHI,47,5240,5527,4749.0,4743.0,116.78432397994834,112.34905263169283,4.435271348255508,opp_def_rating,opp_lte_115,0,110.33901874078754,116.52962260172886,-6.190603860941323,82,114.59237819585142,114.7317661241712,-0.13938792831977764,0.573170731707317,-4.253359455063887,112.0205235212865,111.62811250286443,-1.681504780498969,-1.289093762076888,1.7978564775576586,115.99950830272056,116.01353688756582,0.5301142990083036,0.5160857141630402,-3.9789847814340504,-4.385424384701395,-2.2116190795072725,-1.8051794762399282
PHX,43,4679,4825,4235.0,4231.0,116.67317347574814,112.118587914305,4.554585561443132,opp_def_rating,opp_lte_115,0,110.4840613931523,114.03923422358781,-3.5551728304355095,82,114.2150191760485,112.85608124845182,1.3589379275966849,0.524390243902439,-3.7309577828961977,111.64316450148358,110.27407831739815,-1.15910310833128,0.20998307575415254,1.1831529751359966,114.12382342700117,112.86877286850348,-0.0845892034133584,1.1704613550843277,-2.480658925517588,-2.5946945511053343,-1.0745139049179215,-0.9604782793301752
POR,42,4663,4892,4268.0,4269.0,116.63413392063383,112.23213052050694,4.402003400126892,opp_def_rating,opp_lte_115,0,109.25492033739457,114.59358163504334,-5.33866129764877,82,113.85114825057113,114.26336061627347,-0.4122123657023451,0.5121951219512195,-4.596227913176563,111.27929357600621,110.02707485293813,-2.024373238611645,-0.7721545155435621,0.330221018769862,115.53110279482283,114.04471055542307,-0.937521159779493,0.5488710796202696,-4.251809218816618,-4.017635702484938,-1.0868520788321518,-1.3210255951638317
SAC,46,5045,5596,4607.0,4620.0,116.31721728550171,112.54523244177881,3.7719848437229175,opp_def_rating,opp_lte_115,0,109.50727154330366,121.12554112554112,-11.61826958223746,82,110.55508320174906,120.28124621166202,-9.726163009912966,0.5609756097560976,-1.0478116584453971,107.98322852718414,108.3891543181371,1.5240430161195206,1.1181172251665572,0.8442949138790965,121.54898839021138,121.29697065390395,-0.4234472646702585,-0.17142952836283598,-13.565759863027239,-12.907816335766853,1.9474902807897791,1.2895467535293932
SAS,43,4985,4727,4305.0,4308.0,116.24393221957695,112.34021925514887,3.9037129644280824,opp_def_rating,opp_lte_115,0,115.79558652729385,109.72609099350046,6.069495533793386,82,118.82936267988875,110.47354433438028,8.355818345508467,0.524390243902439,-3.0337761525948963,116.25750800532383,115.3624473655728,-0.4619214780299785,0.4331391617210443,-0.7474533408798152,111.74128651292963,110.70622833828715,-2.01519551942917,-0.9801373447866837,4.516221492394195,4.656219027285658,1.5532740413991917,1.413276506507728
TOR,48,5387,5413,4764.0,4769.0,116.76480104507316,112.65362443838545,4.111176606687702,opp_def_rating,opp_lte_115,0,113.07724601175482,113.50387921996226,-0.4266332082074342,82,114.95658554482084,112.10564930300808,2.850936241812761,0.5853658536585366,-1.879339533066016,112.38473087025592,112.60577618506811,0.6925151414989017,0.47146982668671455,1.398229916954179,113.37339148155743,113.86369244324881,0.13048773840482397,-0.35981322328655096,-0.988660611301512,-1.2579162581806997,0.5620274030940777,0.8312830499732655
UTA,46,5271,5895,4775.0,4769.0,116.39213516671533,112.40875922448664,3.983375942228698,opp_def_rating,opp_lte_115,0,110.38743455497382,123.6108198783812,-13.223385323407385,82,112.9701230228471,121.15136592801032,-8.181242905163217,0.5609756097560976,-2.5826884678732824,110.39826834828219,110.4573892779038,-0.010833793308364648,-0.06995472292997817,2.459453950370886,122.41910810655968,122.1285906796165,1.1917117718215309,1.4822291987647134,-12.02083975827749,-11.671201401712693,-1.2025455651298955,-1.5521839216946915
WAS,51,5766,6584,5268.0,5256.0,116.5110960537204,112.6276145282422,3.8834815254782007,opp_def_rating,opp_lte_115,0,109.45330296127563,125.26636225266363,-15.813059291388,82,109.66595593461265,121.45652947455818,-11.790573539945527,0.6219512195121951,-0.21265297333702904,107.09410126004774,108.34187610829183,2.3592017012278887,1.1114268529837972,3.809832778105445,122.72427165310754,123.92070346504106,2.54209059955609,1.3456587876225683,-15.6301703930598,-15.57882735674923,-0.18288889832820132,-0.23423193463877112
ATL,37,4183,4389,3754.0,3752.0,118.09331883086953,112.63345065966392,5.459868171205594,opp_off_rating,opp_gt_115,1,111.42781033564198,116.9776119402985,-5.549801604656523,82,115.12206684048351,112.94955489614242,2.172511944341096,0.45121951219512196,-3.6942565048415332,112.86903682159557,111.97944277237661,-1.4412264859535924,-0.5516324367346357,4.0280570441560855,115.61864192550377,115.27913505545123,1.3589700147947354,1.6984768848472669,-2.749605103908195,-3.29969228307462,-2.800196500748328,-2.2501093215819026
BKN,39,4012,4665,3812.0,3819.0,117.84883943864182,112.56915725146006,5.279682187181756,opp_off_rating,opp_gt_115,1,105.24658971668414,122.15239591516102,-16.90580619847688,82,109.50579929399899,119.65005035246728,-10.144251058468285,0.47560975609756095,-4.259209577314849,107.25276927511105,107.08143743795858,-2.0061795584269078,-1.8348477212744427,2.5023455626937476,122.31913738182863,122.11163842885699,-0.16674146666760237,0.040757486304030976,-15.066368106717576,-15.030200990898408,-1.8394380917593054,-1.8756052075784737
BOS,36,4012,3947,3420.0,3422.0,117.55638754151012,112.69527655565007,4.861110985860069,opp_off_rating,opp_gt_115,1,117.30994152046783,115.34190531852717,1.968036201940663,82,119.97452229299364,111.72282263191353,8.25169966108011,0.43902439024390244,-2.6645807725258095,117.7214922741057,117.28035033339012,-0.41155075363786864,0.029591187077713244,3.6190826866136376,114.39190966127488,114.22931806817269,0.9499956572522876,1.1125872503544798,3.3295826128308192,3.0510322652174295,-1.3615464108901563,-1.0829960632767666
CHA,36,4006,4083,3486.0,3489.0,117.71346780064518,112.6944393148231,5.019028485822063,opp_off_rating,opp_gt_115,1,114.91681009753299,117.02493551160791,-2.1081254140749195,82,118.40926064227035,113.48020911127708,4.929051530993277,0.43902439024390244,-3.492450544737366,116.15623062338241,115.71669110993565,-1.2394205258494253,-0.7998810124026647,3.5447264003308305,116.14929614063843,115.94465237212196,0.8756393709694805,1.0802831394859425,0.006934482743986337,-0.2279612621863123,-2.115059896818906,-1.8801641518886072
CHI,40,4639,4945,4121.0,4112.0,117.8381141114022,112.6719237324975,5.166190378904696,opp_off_rating,opp_gt_115,1,112.5697646202378,120.25778210116731,-7.688017480929503,82,112.12085586644722,117.41692198915861,-5.2960661227113945,0.4878048780487805,0.44890875379059025,109.86782584755927,110.03309247465626,2.701938772678531,2.536672145581548,2.8408601120086985,120.08600901851996,120.14999921350804,0.17177308264734847,0.10778288765926902,-10.218183170960685,-10.116906738851782,2.5301656900311826,2.428889257922279
CLE,36,4216,4182,3641.0,3647.0,117.68975368575805,112.52559962827029,5.164154057487772,opp_off_rating,opp_gt_115,1,115.79236473496293,114.66959144502331,1.122773289939616,82,118.28385228095584,114.14787118562298,4.135981095332866,0.43902439024390244,-2.4914875459929107,116.0308222620679,115.19587396645119,-0.2384575271049698,0.5964907685117424,0.5217202594003396,116.81695821498433,116.51229471444137,-2.1473667699610104,-1.8427032694180525,-0.7861359529164247,-1.316420747990179,1.9089092428560406,2.439194037929795
DAL,41,4596,4940,4092.0,4095.0,117.99692715689876,113.00139511194487,4.99553204495388,opp_off_rating,opp_gt_115,1,112.31671554252199,120.63492063492063,-8.318205092398642,82,111.72397325692454,116.95278969957081,-5.228816442646277,0.5,0.5927422855974527,109.4709432380366,110.54398210347307,2.8457723044853935,1.7727334390489204,3.682130935349818,119.62187672893216,119.9921884625081,1.013043905988468,0.6427321724125363,-10.150933490895568,-9.448206359035026,1.8327283984969256,1.1300012666363841
DEN,36,4277,4277,3636.0,3632.0,117.66470637827258,112.31644958711362,5.3482567911589705,opp_off_rating,opp_gt_115,1,117.62926292629263,117.75881057268722,-0.12954764639459881,82,121.2011139363119,116.02129719264278,5.179816743669122,0.43902439024390244,-3.571851010019273,118.94808391742396,117.84526764858987,-1.3188209911313322,-0.21600472229724232,1.7375133800444473,118.69038422200413,118.46011127422713,-0.9315736493169027,-0.7013007015399069,0.25769969541983073,-0.6148436256372634,-0.38724734181442955,0.48529597924266454
DET,35,3993,3832,3489.0,3504.0,117.89741455101344,113.0402331853581,4.857181365655353,opp_off_rating,opp_gt_115,1,114.44539982803094,109.36073059360731,5.084669234423629,82,117.32474790426437,108.9058524173028,8.418895486961574,0.4268292682926829,-2.879348076233427,115.07171788537643,114.83208745715245,-0.6263180573454861,-0.38668762912151067,0.45487817630451843,111.57493944666415,111.26609299558808,-2.2142088530568316,-1.9053624019807671,3.4967784387122833,3.5659944615643724,1.5878907957113455,1.5186747728592564
GSW,41,4519,4748,4075.0,4077.0,118.00096603160806,112.86594521917853,5.135020812429521,opp_off_rating,opp_gt_115,1,110.8957055214724,116.45818003433897,-5.562474512866572,82,113.9427740058196,114.45885347230637,-0.5160794664867723,0.5,-3.047068484347207,111.68974398693166,112.22897175982996,-0.7940384654592663,-1.3332662383575666,1.9993265620325928,117.12794050166772,117.44832994782885,-0.6697604673287572,-0.990149913489887,-5.438196514736063,-5.219358187998893,-0.1242779981305091,-0.3431163248676796
HOU,35,3857,3875,3397.0,3393.0,118.06685991293187,112.96152334183765,5.105336571094237,opp_off_rating,opp_gt_115,1,113.5413600235502,114.20571765399352,-0.6643576304433196,82,117.49564784879382,112.13175885643255,5.363888992361268,0.4268292682926829,-3.9542878252436253,115.24261782990588,114.9914387705685,-1.7012578063556845,-1.4500787470182956,2.0739587975609624,114.8008458857939,114.53510604882368,-0.5951282318003877,-0.32938839483016125,0.4417719441119772,0.45633272174481476,-1.1061295745552968,-1.1206903521881344
IND,40,4554,4928,4111.0,4108.0,117.94189460474433,112.62189145519251,5.320003149551838,opp_off_rating,opp_gt_115,1,110.7759669180248,119.96105160662123,-9.185084688596419,82,110.75204228736185,118.6066066066066,-7.8545643192447585,0.4878048780487805,0.02392463066296102,108.4990122684739,108.51668880919374,2.276954649550902,2.2592781088310687,1.3544450000146213,121.27569363596795,121.26081853892484,-1.3146420293467287,-1.299766932303612,-12.77668136749405,-12.7441297297311,3.5915966788976306,3.559045041134681
LAC,35,3925,4026,3397.0,3397.0,118.07139230660289,112.73547434768545,5.335917958917442,opp_off_rating,opp_gt_115,1,115.54312628790109,118.51633794524581,-2.97321165734472,82,116.33620152138671,115.20518897343146,1.131012547955251,0.4268292682926829,-0.7930752334856237,114.08317150249877,113.45055302042715,1.4599547854023172,2.092573267473938,3.3111489718143474,117.87427600279281,117.48573457651818,0.6420619424529974,1.0306033687276255,-3.79110450029404,-4.0351815560910325,0.8178928429493197,1.0619698987463124
LAL,35,3903,4117,3451.0,3436.0,117.88261895696381,112.2784788487431,5.6041401082207045,opp_off_rating,opp_gt_115,1,113.09765285424515,119.8195576251455,-6.721904770900352,82,118.46516826027566,116.9529499626587,1.512218297616954,0.4268292682926829,-5.367515406030506,116.21213824138772,114.6849646656766,-3.1144853871425653,-1.587311811431448,2.8666076624867998,119.62203699202006,119.10328677372266,0.19752063312544976,0.7162708514228484,-3.409898750632337,-4.4183221080460555,-3.312006020268015,-2.3035826628542964
MEM,40,4469,4870,4037.0,4033.0,117.98522112931433,112.90260624067703,5.082614888637303,opp_off_rating,opp_gt_115,1,110.70101560564775,120.75378130424002,-10.052765698592268,82,112.40884638374177,118.44404548174745,-6.035199098005677,0.4878048780487805,-1.7078307780940207,110.15581636485383,110.97841882590552,0.5451992407939201,-0.2774032202577672,2.30973582249257,121.1131325111088,121.37191781952393,-0.3593512068687801,-0.6181365152839078,-10.957316146254968,-10.393498993618408,0.9045504476627002,0.3407332950261406
MIA,37,4493,4511,3830.0,3824.0,118.05414041751536,112.64181133822159,5.412329079293776,opp_off_rating,opp_gt_115,1,117.31070496083551,117.96548117154812,-0.6547762107126118,82,115.82330255930817,113.72411372411374,2.0991888351944397,0.45121951219512196,1.4874024015273335,113.57027254042023,112.83329807011648,3.7404324204152744,4.477406890719024,4.241367447434385,116.39320075347509,116.1240435014644,1.572280418073035,1.841437670083721,-2.822928213054851,-3.290745431347915,2.1681520023422394,2.635969220635303
MIL,39,4217,4586,3792.0,3802.0,117.92296653087986,112.62980065056101,5.293165880318867,opp_off_rating,opp_gt_115,1,111.20780590717298,120.62072593371909,-9.412920026546104,82,113.52771868351897,119.68769519050593,-6.159976506986965,0.47560975609756095,-2.319912776345987,111.27468866463103,111.3882911249824,-0.06688275745804617,-0.1804852178094194,0.9330307432131519,122.35678221986728,122.40437015882154,-1.736056286148198,-1.7836442251024494,-11.082093555236256,-11.016079033839134,1.669173528690152,1.60315900729303
MIN,35,4012,4080,3514.0,3520.0,118.06858425876105,112.69661916403275,5.371965094728286,opp_off_rating,opp_gt_115,1,114.17188389299943,115.90909090909092,-1.7372070160914888,82,117.08615682478218,113.92389723703344,3.1622595877487356,0.4268292682926829,-2.9142729317827474,114.83312680589424,113.99958400469723,-0.6612429128948065,0.17229988830220577,1.985193672057477,116.5929842663948,116.17906324831742,-0.683893357303873,-0.26997233922649855,-1.7598574605005552,-2.179479243620193,0.022650444409066495,0.4422722275287043
NOP,40,4466,4868,3940.0,3942.0,117.91682248741343,112.92589755992742,4.990924927485999,opp_off_rating,opp_gt_115,1,113.3502538071066,123.49061390157281,-10.140360094466217,82,114.74079457364341,119.16696936675142,-4.426174793108004,0.4878048780487805,-1.390540766536816,112.48776455475547,113.5843366072308,0.862489252351125,-0.2340828001241988,4.323644534821398,121.83605639611277,122.26411549866648,1.6545575054600477,1.22649840290633,-9.348291841357295,-8.679778891435689,-0.7920682531089227,-1.4605812030305287
NYK,35,3954,3939,3415.0,3413.0,117.8048608177722,112.75120905673155,5.053651761040647,opp_off_rating,opp_gt_115,1,115.78330893118593,115.41166129504833,0.3716476361375953,82,118.68008948545861,112.31343283582089,6.366656649637719,0.4268292682926829,-2.8967805542726808,116.42705946657067,115.82789834220677,-0.6437505353847399,-0.04458941102083713,3.0982284592274425,114.98251986518224,114.6610252177388,0.4291414298660925,0.7506360773095366,1.4445396013884277,1.166873124467969,-1.0728919652508324,-0.7952254883303738
OKC,37,4318,4085,3722.0,3724.0,118.1050757191063,113.41780692797892,4.687268791127386,opp_off_rating,opp_gt_115,1,116.01289629231597,109.6938775510204,6.319018741295565,82,117.66124171187462,106.57831325301206,11.082928458862568,0.45121951219512196,-1.6483454195586518,115.40821169298668,116.18150960324056,0.6046845993292891,-0.16861331092458443,3.1155642980083513,109.2474002823734,109.38436098950086,0.4464772686470013,0.3095165615195441,6.160811410613277,6.797148613739694,0.15820733068228776,-0.4781298724441285
ORL,43,4902,5019,4327.0,4317.0,117.7777780499738,112.68077768725743,5.0970003627163605,opp_off_rating,opp_gt_115,1,113.28865264617518,116.26129256428075,-2.972639918105571,82,114.21179302045728,113.61338468945594,0.5984083310013375,0.524390243902439,-0.9231403742820987,111.95876300156934,112.36787961835421,1.3298896446058421,0.9207730278209709,2.64790787482481,116.28247171881729,116.73607549366301,-0.021179154536540068,-0.47478292938225763,-4.323708717247953,-4.3681958753088,1.3510687991423822,1.3955559572032286
PHI,40,4449,4761,4042.0,4043.0,117.85971475969966,112.60862509981413,5.251089659885534,opp_off_rating,opp_gt_115,1,110.06927263730826,117.75908978481327,-7.6898171475050106,82,114.59237819585142,114.7317661241712,-0.13938792831977764,0.4878048780487805,-4.523105558543165,112.33934817696348,112.15197942043346,-2.270075539655224,-2.0827067831252037,3.027323660642068,117.40085315353255,117.47082266920347,0.35823663128071814,0.28826711560979845,-5.0615049765690685,-5.318843248770008,-2.628312170935942,-2.370973898735002
PHX,42,4575,4780,4086.0,4084.0,117.93748557989953,112.69575194354158,5.241733636357935,opp_off_rating,opp_gt_115,1,111.9676945668135,117.04211557296769,-5.074421006154182,82,114.2150191760485,112.85608124845182,1.3589379275966849,0.5121951219512195,-2.247324609234994,111.96198915716056,112.07870904366007,0.005705409652946969,-0.11101447684656307,4.186034324515873,115.52516827781317,115.82668164307913,1.516947295154523,1.2154339298885617,-3.563179120652606,-3.7479725994190574,-1.5112418855015761,-1.3264484067351248
POR,40,4430,4693,4055.0,4053.0,117.95601810511398,112.80522546364281,5.1507926414711545,opp_off_rating,opp_gt_115,1,109.2478421701603,115.7907722674562,-6.542930097295908,82,113.85114825057113,114.26336061627347,-0.4122123657023451,0.4878048780487805,-4.603306080410832,111.59811823168319,111.82013225826626,-2.350276061522891,-2.5722900881059587,1.5274116511827316,116.93244764563482,117.07557861732502,-1.1416753781786184,-1.2848063498688163,-5.334329413951636,-5.255446359058766,-1.2086006833442724,-1.2874837382371425
SAC,40,4395,4923,4015.0,4023.0,117.97611626882401,113.06459138138398,4.911524887440015,opp_off_rating,opp_gt_115,1,109.46450809464507,122.37136465324386,-12.90685655859879,82,110.55508320174906,120.28124621166202,-9.726163009912966,0.4878048780487805,-1.0905751071039873,108.30205318286112,109.68667291629788,1.1624549117839535,-0.22216482165281093,2.0901184415818364,122.95033324102337,123.27702286586776,-0.5789685877795137,-0.905658212623905,-14.648280058162257,-13.590349949569884,1.7414234995634672,0.6834933909710941
SAS,37,4388,4194,3731.0,3730.0,117.95828885921283,112.84298817696698,5.115300682245847,opp_off_rating,opp_gt_115,1,117.60922004824444,112.4396782841823,5.1695417640621315,82,118.82936267988875,110.47354433438028,8.355818345508467,0.45121951219512196,-1.2201426316443076,116.5763326610008,116.26871633242445,1.0328873872436333,1.3405037158199917,1.9661339498020283,113.14263136374163,113.08014345789158,-0.7029530795593217,-0.6404651737092735,3.4337012972591765,3.1885728745328663,1.735840466802955,1.9809688895292652
TOR,41,4467,4613,4031.0,4035.0,117.84616202170254,112.70265941611832,5.143502605584203,opp_off_rating,opp_gt_115,1,110.8161746464897,114.32465923172244,-3.508484585232736,82,114.95658554482084,112.10564930300808,2.850936241812761,0.5,-4.14041089833114,112.7035555259329,112.7019000983222,-1.8873808794431994,-1.8857254518324993,2.2190099287143568,114.77473633236943,114.97647542557962,-0.45007710064699324,-0.6518161938571865,-2.07118080643653,-2.2745753272574234,-1.4373037787962062,-1.2339092579753128
UTA,40,4571,5125,4135.0,4131.0,118.00924227358621,112.84891948837351,5.160322785212697,opp_off_rating,opp_gt_115,1,110.5441354292624,124.06197046719922,-13.51783503793682,82,112.9701230228471,121.15136592801032,-8.181242905163217,0.4878048780487805,-2.4259875935847077,110.71709300395916,111.65953041438553,-0.17295757469676687,-1.1153949851231317,2.9106045391888955,123.82045295737167,124.1548091279399,0.2415175098275455,-0.09283866074068214,-13.103359953412507,-12.49527871355437,-0.41447508452431236,-1.0225563243824496
WAS,40,4457,5152,4091.0,4086.0,117.74916354527781,112.68782678400555,5.0613367612722815,opp_off_rating,opp_gt_115,1,108.94646785626986,126.08908467939305,-17.14261682312319,82,109.66595593461265,121.45652947455818,-11.790573539945527,0.4878048780487805,-0.7194880783427919,107.41292591572471,107.97547334928709,1.533541940545149,0.9709945069827768,4.632555204834873,124.12561650391953,124.19867307868307,1.9634681754735226,1.8904116007099816,-16.712690588194818,-16.223199729395986,-0.4299262349283737,-0.9194170937272048
ATL,45,5531,5127,4684.0,4673.0,112.66105382696975,117.07805811517785,-4.4170042882080995,opp_off_rating,opp_lte_115,0,118.08283518360376,109.71538626150226,8.367448922101502,82,115.12206684048351,112.94955489614242,2.172511944341096,0.5487804878048781,2.9607683431202503,117.07589567579367,116.81313567335957,1.0069395078100882,1.2696995102441946,-3.234168634640156,110.6481764985687,110.65729284439115,-0.9327902370664418,-0.9419065828888904,6.427719177224972,6.155842828968417,1.93972974487653,2.211606093133085
BKN,43,4674,4840,4120.0,4125.0,112.90430185637386,116.98503339448636,-4.080731538112496,opp_off_rating,opp_lte_115,0,113.44660194174759,117.33333333333333,-3.886731391585741,82,109.50579929399899,119.65005035246728,-10.144251058468285,0.524390243902439,3.9408026477485976,111.45962812930915,110.89215357043662,1.9869738124384355,2.5544483713109685,-2.3167170191339466,117.34867195489356,116.92429331949742,-0.015338621560232468,0.4090400138359058,-5.889043825584409,-6.0321397490608035,2.002312433998668,2.1454083574750626
BOS,46,5406,4840,4430.0,4443.0,112.70350494021538,117.07283451099038,-4.369329570775014,opp_off_rating,opp_lte_115,0,122.03160270880362,108.93540400630204,13.096198702501582,82,119.97452229299364,111.72282263191353,8.25169966108011,0.5609756097560976,2.0570804158099776,121.9283511283038,121.85320278730399,0.10325158049981553,0.1783999214996328,-2.787418625611494,109.42144423433982,109.77657989009182,-0.4860402280377798,-0.8411758837897878,12.506906893963986,12.076622897212161,0.5892918085375953,1.0195758052894206
CHA,46,5507,5034,4548.0,4545.0,112.65325786002428,117.17047874983992,-4.517220889815642,opp_off_rating,opp_lte_115,0,121.08619173262973,110.75907590759076,10.327115825038973,82,118.40926064227035,113.48020911127708,4.929051530993277,0.5609756097560976,2.676931090359375,120.36308947758052,120.70155176192867,0.7231022550492128,0.38463997070105904,-2.721133203686321,111.17883071370336,111.5738897249675,-0.41975480611260707,-0.814813817376745,9.184258763877153,9.12766203696117,1.1428570611618198,1.199453788077804
CHI,42,4898,5019,4385.0,4374.0,112.69501167817944,117.27212322565843,-4.577111547478988,opp_off_rating,opp_lte_115,0,111.69897377423032,114.74622770919068,-3.0472539349603522,82,112.12085586644722,117.41692198915861,-5.2960661227113945,0.5121951219512195,-0.4218820922168902,114.07468470175738,114.17954577342186,-2.3757109275270523,-2.4805719991915396,-2.6706942799679325,115.1155435915849,114.8469894823904,-0.3693158823942184,-0.10076177319972146,-1.0408588898275184,-0.6674437089685341,-2.006395045132834,-2.379810225991818
CLE,46,5585,5282,4645.0,4644.0,112.64534030895973,117.22756824595216,-4.582227936992436,opp_off_rating,opp_lte_115,0,120.23681377825619,113.73815676141257,6.498657016843623,82,118.28385228095584,114.14787118562298,4.135981095332866,0.5609756097560976,1.9529614973003504,120.237681116266,120.80045824586,-0.0008673380098116468,-0.5636444676038082,-0.4097144242104065,111.84649278804926,112.29500689275162,1.8916639733633076,1.443149868660953,8.391188328216742,8.505451353108384,-1.8925313113731193,-2.006794336264761
DAL,41,4762,4870,4284.0,4293.0,112.83763870174711,117.43452208693778,-4.596883385190665,opp_off_rating,opp_lte_115,0,111.15779645191411,113.4404845096669,-2.282688057752793,82,111.72397325692454,116.95278969957081,-5.228816442646277,0.5,-0.5661768050104286,113.6778020922347,113.9252320821339,-2.5200056403205906,-2.7674356302197936,-3.5123051899039126,114.6514113019971,114.3202439004427,-1.2109267923301985,-0.8797593907758028,-0.973609209762401,-0.3950118183088023,-1.309078847990392,-1.8876762394439908
DEN,46,5733,5311,4623.0,4632.0,112.7682932910832,117.23506532486424,-4.466772033781048,opp_off_rating,opp_lte_115,0,124.01038286826736,114.65889464594127,9.351488222326083,82,121.2011139363119,116.02129719264278,5.179816743669122,0.5609756097560976,2.809268931955458,123.15494277162206,123.9561263323618,0.855440096645296,0.05425653590555157,-1.362402546701503,113.71991879506906,114.38064259233587,0.938975850872211,0.2782520536053994,9.435023976552998,9.57548374002593,-0.08353575422691506,-0.22399551769984782
DET,47,5664,5156,4742.0,4749.0,112.57854156396056,117.2791104184312,-4.700568854470646,opp_off_rating,opp_lte_115,0,119.44327288064108,108.57022531059171,10.873047570049366,82,117.32474790426437,108.9058524173028,8.418895486961574,0.573170731707317,2.1185249763767047,119.27857673957453,119.63664985116708,0.16469614106654262,-0.19337697052600333,-0.33562710671108675,106.60447401972908,107.00702150825188,1.9657512908626273,1.563203802339828,12.67410271984545,12.629628342915197,-1.8010551497960847,-1.7565807728658314
GSW,41,4879,4696,4173.0,4174.0,112.72323402199831,117.37650822247959,-4.653274200481279,opp_off_rating,opp_lte_115,0,116.91828420800383,112.50598945855295,4.412294749450879,82,113.9427740058196,114.45885347230637,-0.5160794664867723,0.5,2.975510202184225,115.89660284112976,115.90465987354798,1.0216813668740627,1.0136243344558409,-1.9528640137534268,112.15747507473266,111.83770532501592,0.3485143838202873,0.6682841335370284,3.739127766397104,4.066954548532067,0.6731669830537754,0.34534020091881246
HOU,47,5592,5146,4645.0,4652.0,112.8160538539085,117.24206812950322,-4.426014275594739,opp_off_rating,opp_lte_115,0,120.38751345532832,110.61908856405847,9.768424891269845,82,117.49564784879382,112.13175885643255,5.363888992361268,0.573170731707317,2.8918656065344948,119.44947668410398,119.8671439223188,0.9380367712243327,0.5203695330095144,-1.5126702923740822,109.83038045885884,110.29975395056704,0.7887081051996319,0.319334613491435,9.619096225245144,9.567389971751766,0.14932866602470085,0.2010349195180794
IND,42,4665,4946,4213.0,4217.0,112.84338756159674,117.06033279764108,-4.216945236044324,opp_off_rating,opp_lte_115,0,110.72869689057678,117.2871709746265,-6.55847408404972,82,110.75204228736185,118.6066066066066,-7.8545643192447585,0.5121951219512195,-0.023345396785060757,112.70587112267201,112.18241347724557,-1.9771742320952228,-1.45371658666879,-1.3194356319800988,116.30522820903289,115.84399100823939,0.9819427655936153,1.4431799663871203,-3.5993570863608824,-3.66157753099381,-2.959116997688838,-2.8968965530559103
LAC,47,5404,5210,4622.0,4620.0,112.83674855567386,117.09967424746698,-4.262925691793113,opp_off_rating,opp_lte_115,0,116.91908264820424,112.77056277056276,4.148519877641476,82,116.33620152138671,115.20518897343146,1.131012547955251,0.573170731707317,0.5828811268175258,118.29003035669687,118.54889359247613,-1.3709477084926363,-1.6298109442718953,-2.4346262028686994,112.90381057585775,113.30648395298587,-0.13324780529498526,-0.5359211824231096,5.386219780839127,5.242409639490262,-1.237699903197651,-1.0938897618487857
LAL,47,5637,5279,4602.0,4598.0,112.85643254640966,117.12733469594446,-4.270902149534783,opp_off_rating,opp_lte_115,0,122.49022164276401,114.81078729882557,7.679434343938439,82,118.46516826027566,116.9529499626587,1.512218297616954,0.573170731707317,4.025053382488352,120.41899709558582,120.99709759038524,2.07122454717819,1.493124052378775,-2.1421626638331333,114.65157156508499,115.24097884082082,0.15921573374058084,-0.43019154199524223,5.76742553050083,5.756118749564422,1.912008813437609,1.9233155943740172
MEM,42,4934,5026,4328.0,4322.0,112.82152681958772,117.23202235502883,-4.410495535441113,opp_off_rating,opp_lte_115,0,114.0018484288355,116.2887552059232,-2.286906777087694,82,112.40884638374177,118.44404548174745,-6.035199098005677,0.5121951219512195,1.5930020450937263,114.36267521905194,114.38321234338775,-0.3608267902164357,-0.38136391455225294,-2.1552902758242567,116.14266708417374,115.88508035845197,0.1460881217494574,0.4036748474712226,-1.7799918651218007,-1.5018680150642183,-0.5069149119658931,-0.7850387620234756
MIA,45,5418,5209,4727.0,4723.0,112.71070874690429,117.00358011966621,-4.292871372761921,opp_off_rating,opp_lte_115,0,114.61815104717581,110.2900698708448,4.328081176331011,82,115.82330255930817,113.72411372411374,2.0991888351944397,0.5487804878048781,-1.2051515121323604,117.77713139461834,117.37709409125483,-3.1589803474425224,-2.758943044079018,-3.434043853268932,111.42273532654002,111.43926872387706,-1.1326654556952178,-1.14919885303226,6.354396068078316,5.937825367377769,-2.0263148917473046,-1.609744191046758
MIL,43,4855,4995,4199.0,4203.0,112.50756677433569,117.01999240739059,-4.512425633054908,opp_off_rating,opp_lte_115,0,115.6227673255537,118.84368308351179,-3.220915757958096,82,113.52771868351897,119.68769519050593,-6.159976506986965,0.524390243902439,2.095048642034726,115.48154751882913,115.4392182902726,0.14121980672456402,0.18354903528108935,-0.8440121069941426,117.38631679293222,117.23259097405034,1.4573662905795715,1.6110921094614525,-1.9047692741030886,-1.7933726837777328,-1.3161464838550074,-1.4275430741803632
MIN,47,5664,5321,4750.0,4732.0,112.81026140347808,117.27616966618099,-4.465908262702897,opp_off_rating,opp_lte_115,0,119.24210526315791,112.44716821639899,6.794937046758918,82,117.08615682478218,113.92389723703344,3.1622595877487356,0.573170731707317,2.155948438375731,119.03998566009234,119.71428609099934,0.20211960306556875,-0.47218082784142723,-1.4767290206344512,111.62251883945973,112.14882765637753,0.8246493769392629,0.29834056002145815,7.417466820632612,7.565458434621803,-0.6225297738736941,-0.7705213878628854
NOP,42,5007,4974,4316.0,4317.0,112.66635720192802,116.89746748736032,-4.231110285432284,opp_off_rating,opp_lte_115,0,116.01019462465246,115.21890201528839,0.7912926093640635,82,114.74079457364341,119.16696936675142,-4.426174793108004,0.5121951219512195,1.2694000510090433,116.69462340895357,116.0484560034053,-0.6844287843011188,-0.03826137875284985,-3.948067351463024,116.8655909691777,116.53853744102582,-1.64668895388931,-1.319635425737431,-0.17096756022412762,-0.4900814376205176,0.9622601695881912,1.2813740469845811
NYK,47,5595,5091,4631.0,4627.0,112.72150957399268,116.91883539589827,-4.197325821905581,opp_off_rating,opp_lte_115,0,120.81623839343554,110.02809595850442,10.788142434931117,82,118.68008948545861,112.31343283582089,6.366656649637719,0.573170731707317,2.1361489079769314,120.63391832076877,120.27773379315164,0.1823200726667693,0.5385046002839005,-2.2853368773164675,110.01205443824718,110.33662571637802,0.01604152025724659,-0.3085297578736004,10.621863882521595,9.941108076773617,0.16627855240952272,0.8470343581575008
OKC,45,5442,4761,4573.0,4576.0,112.91296948665575,116.95215746772618,-4.039187981070442,opp_off_rating,opp_lte_115,0,119.00284277279684,104.04283216783216,14.96001060496468,82,117.66124171187462,106.57831325301206,11.082928458862568,0.5487804878048781,1.3416010609222155,119.61507054718479,118.31715959263971,-0.6122277743879465,0.6856831801571275,-2.535481085179896,104.27693485543834,104.12279472341166,-0.2341026876061818,-0.07996255557949894,15.338135691746444,14.194364869228053,-0.3781250867817647,0.7656457357366264
ORL,39,4589,4420,3983.0,3991.0,112.46067546060476,117.56380852909467,-5.103133068489895,opp_off_rating,opp_lte_115,0,115.21466231483805,110.74918566775244,4.465476647085609,82,114.21179302045728,113.61338468945594,0.5984083310013375,0.47560975609756095,1.0028692943807727,116.16562185576744,116.48875603918236,-0.9509595409293894,-1.2740937243443113,-2.8641990217034987,111.31200629188223,110.87155663068503,-0.5628206241297846,-0.12237096293259242,4.853615563885214,5.617199408497328,-0.38813891679960477,-1.151722761411719
PHI,42,5053,4756,4250.0,4252.0,112.4153780328728,117.48253494747561,-5.06715691460282,opp_off_rating,opp_lte_115,0,118.89411764705882,111.85324553151459,7.040872115544232,82,114.59237819585142,114.7317661241712,-0.13938792831977764,0.5121951219512195,4.301739451207396,116.54620703116159,117.26140264055994,2.3479106158972343,1.6327150064988842,-2.8785205926566135,112.43038772659749,112.37629389477601,-0.5771421950828994,-0.5230483632614238,4.1158193045640985,4.885108745783924,2.9250528109801337,2.155763369760308
PHX,40,4657,4332,3997.0,3990.0,112.71207843803101,117.56500422098873,-4.852925782957718,opp_off_rating,opp_lte_115,0,116.51238428821615,108.57142857142857,7.940955716787585,82,114.2150191760485,112.85608124845182,1.3589379275966849,0.4878048780487805,2.297365112167654,116.16884801135866,116.41032970951414,0.3435362768574919,0.10205457870200974,-4.284652677023246,110.5547028508781,110.20204016519293,-1.9832742794495317,-1.6306115937643568,5.614145160480561,6.208289544321218,2.3268105563070236,1.7326661724663666
POR,42,5039,4800,4262.0,4255.0,112.73699332629192,117.5708033844248,-4.83381005813287,opp_off_rating,opp_lte_115,0,118.23087752229,112.80846063454759,5.422416887742415,82,113.85114825057113,114.26336061627347,-0.4122123657023451,0.5121951219512195,4.3797292717188725,115.80497708588129,116.47816013430929,2.4259004364087104,1.7527173879807094,-1.4548999817258874,111.96198221869976,111.89106860205234,0.8464784158478267,0.9173920324952434,3.842994867181531,4.587091532256949,1.5794220205608838,0.835325355485466
SAC,42,4707,4999,4218.0,4226.0,113.03838582147512,116.84741218204734,-3.8090263605722234,opp_off_rating,opp_lte_115,0,111.59317211948792,118.29152863227638,-6.698356512788465,82,110.55508320174906,120.28124621166202,-9.726163009912966,0.5121951219512195,1.038088917738861,112.50891203705922,111.41718846035906,-0.915739917571301,0.17598365912886038,-1.9897175793856405,117.97986781408831,117.40028710498436,0.31166081818807356,0.8912415272920242,-5.47095577702909,-5.983098644625301,-1.2274007357593746,-0.7152578681631638
SAS,45,5438,4951,4538.0,4548.0,112.86491001476338,117.09200184006696,-4.227091825303578,opp_off_rating,opp_lte_115,0,119.83252534156014,108.86103781882146,10.971487522738684,82,118.82936267988875,110.47354433438028,8.355818345508467,0.5487804878048781,1.0031626616713964,120.78319151519891,120.33239345616721,-0.9506661736387656,-0.49986811460706804,-1.6125065155588203,108.17216593680656,108.30061968428666,0.6888718820148938,0.5604181345347996,12.611025578392344,12.031773771880552,-1.6395380556536594,-1.0602862491418676
TOR,41,4933,4555,4146.0,4143.0,112.4469046841504,117.64181477083096,-5.1949100866805615,opp_off_rating,opp_lte_115,0,118.98215147129763,109.94448467294231,9.037666798355318,82,114.95658554482084,112.10564930300808,2.850936241812761,0.5,4.025565926476787,116.910414380131,117.6535499859583,2.071737091166625,1.3286014853393198,-2.1611646300657696,109.80427090543436,109.6676579051265,0.14021376750794445,0.2768267678158054,7.106143474696637,7.985892080831803,1.9315233236586806,1.0517747175235144
UTA,42,5071,5208,4400.0,4398.0,112.74907141186759,116.8620843150408,-4.113012903173222,opp_off_rating,opp_lte_115,0,115.25000000000001,118.4174624829468,-3.167462482946789,82,112.9701230228471,121.15136592801032,-8.181242905163217,0.5121951219512195,2.2798769771529095,114.92395185815727,114.24609874508485,0.32604814184274744,1.0039012549151636,-2.7339034450635182,118.84998753043661,118.45837446936054,-0.43252504748980414,-0.04091198641373239,-3.9260356722793404,-4.212275724275685,0.7585731893325516,1.044813241328896
WAS,42,4801,5088,4351.0,4345.0,112.86682795002972,116.87797975663989,-4.011151806610163,opp_off_rating,opp_lte_115,0,110.34245001149161,117.10011507479862,-6.757665063307016,82,109.66595593461265,121.45652947455818,-11.790573539945527,0.5121951219512195,0.6764940768789529,111.61978476992282,110.8054750381724,-1.2773347584312091,-0.46302502668079626,-4.356414399759558,119.15515107698447,118.59674579828388,-2.055036002185844,-1.4966307234852536,-7.535366307061651,-7.791270760111473,0.7777012437546347,1.0336056968044574
