season,phase,game_id,home_team,road_team,source_consistent_mismatch,parser_diff_stats,source_consistent_diff_stats,output_file
2000-01,playoffs,0040000002,SAS,MIN,True,,tov,/Users/robschoen/Dropbox/CC/GLA/data/pbp/processed/game_states/playoffs/2000-01/2000-01_SAS_MIN_0040000002.json
2000-01,playoffs,0040000007,SAC,PHX,True,,tov,/Users/robschoen/Dropbox/CC/GLA/data/pbp/processed/game_states/playoffs/2000-01/2000-01_SAC_PHX_0040000007.json
2000-01,playoffs,0040000010,SAS,MIN,True,,tov,/Users/robschoen/Dropbox/CC/GLA/data/pbp/processed/game_states/playoffs/2000-01/2000-01_SAS_MIN_0040000010.json
2000-01,playoffs,0040000012,UTA,DAL,True,,tov,/Users/robschoen/Dropbox/CC/GLA/data/pbp/processed/game_states/playoffs/2000-01/2000-01_UTA_DAL_0040000012.json
2000-01,playoffs,0040000017,CHH,MIA,True,,tov,/Users/robschoen/Dropbox/CC/GLA/data/pbp/processed/game_states/playoffs/2000-01/2000-01_CHH_MIA_0040000017.json
2000-01,playoffs,0040000023,PHX,SAC,True,,tov,/Users/robschoen/Dropbox/CC/GLA/data/pbp/processed/game_states/playoffs/2000-01/2000-01_PHX_SAC_0040000023.json
2000-01,playoffs,0040000040,NYK,TOR,True,,tov,/Users/robschoen/Dropbox/CC/GLA/data/pbp/processed/game_states/playoffs/2000-01/2000-01_NYK_TOR_0040000040.json
2000-01,playoffs,0040000057,DAL,SAS,True,,tov,/Users/robschoen/Dropbox/CC/GLA/data/pbp/processed/game_states/playoffs/2000-01/2000-01_DAL_SAS_0040000057.json
2000-01,playoffs,0040000058,DAL,SAS,True,,tov,/Users/robschoen/Dropbox/CC/GLA/data/pbp/processed/game_states/playoffs/2000-01/2000-01_DAL_SAS_0040000058.json
2000-01,playoffs,0040000063,PHI,TOR,True,,tov,/Users/robschoen/Dropbox/CC/GLA/data/pbp/processed/game_states/playoffs/2000-01/2000-01_PHI_TOR_0040000063.json
2000-01,playoffs,0040000065,TOR,PHI,True,,tov,/Users/robschoen/Dropbox/CC/GLA/data/pbp/processed/game_states/playoffs/2000-01/2000-01_TOR_PHI_0040000065.json
2000-01,playoffs,0040000066,PHI,TOR,True,,tov,/Users/robschoen/Dropbox/CC/GLA/data/pbp/processed/game_states/playoffs/2000-01/2000-01_PHI_TOR_0040000066.json
2000-01,playoffs,0040000072,LAL,SAS,True,,tov,/Users/robschoen/Dropbox/CC/GLA/data/pbp/processed/game_states/playoffs/2000-01/2000-01_LAL_SAS_0040000072.json
2000-01,playoffs,0040000077,PHI,MIL,True,,tov,/Users/robschoen/Dropbox/CC/GLA/data/pbp/processed/game_states/playoffs/2000-01/2000-01_PHI_MIL_0040000077.json
2000-01,playoffs,0040000078,MIL,PHI,True,,tov,/Users/robschoen/Dropbox/CC/GLA/data/pbp/processed/game_states/playoffs/2000-01/2000-01_MIL_PHI_0040000078.json
2000-01,playoffs,0040000079,MIL,PHI,True,,tov,/Users/robschoen/Dropbox/CC/GLA/data/pbp/processed/game_states/playoffs/2000-01/2000-01_MIL_PHI_0040000079.json
2000-01,regular,0020000106,HOU,CHI,False,"fg3a,fga",,/Users/robschoen/Dropbox/CC/GLA/data/pbp/processed/game_states/regular/2000-01/2000-01_HOU_CHI_0020000106.json
2000-01,regular,0020000170,IND,TOR,False,fta,,/Users/robschoen/Dropbox/CC/GLA/data/pbp/processed/game_states/regular/2000-01/2000-01_IND_TOR_0020000170.json
2000-01,regular,0020000972,DAL,POR,False,"fta,ftm",,/Users/robschoen/Dropbox/CC/GLA/data/pbp/processed/game_states/regular/2000-01/2000-01_DAL_POR_0020000972.json
2001-02,regular,0020100064,TOR,GSW,True,,blk,/Users/robschoen/Dropbox/CC/GLA/data/pbp/processed/game_states/regular/2001-02/2001-02_TOR_GSW_0020100064.json
2001-02,regular,0020101169,ATL,ORL,False,"reb,stl",,/Users/robschoen/Dropbox/CC/GLA/data/pbp/processed/game_states/regular/2001-02/2001-02_ATL_ORL_0020101169.json
2002-03,playoffs,0040200102,DET,ORL,True,,tov,/Users/robschoen/Dropbox/CC/GLA/data/pbp/processed/game_states/playoffs/2002-03/2002-03_DET_ORL_0040200102.json
2002-03,playoffs,0040200103,ORL,DET,True,,tov,/Users/robschoen/Dropbox/CC/GLA/data/pbp/processed/game_states/playoffs/2002-03/2002-03_ORL_DET_0040200103.json
2002-03,playoffs,0040200105,DET,ORL,True,,tov,/Users/robschoen/Dropbox/CC/GLA/data/pbp/processed/game_states/playoffs/2002-03/2002-03_DET_ORL_0040200105.json
2002-03,playoffs,0040200107,DET,ORL,True,,tov,/Users/robschoen/Dropbox/CC/GLA/data/pbp/processed/game_states/playoffs/2002-03/2002-03_DET_ORL_0040200107.json
2002-03,playoffs,0040200113,MIL,NJN,True,,tov,/Users/robschoen/Dropbox/CC/GLA/data/pbp/processed/game_states/playoffs/2002-03/2002-03_MIL_NJN_0040200113.json
2002-03,playoffs,0040200116,MIL,NJN,True,,tov,/Users/robschoen/Dropbox/CC/GLA/data/pbp/processed/game_states/playoffs/2002-03/2002-03_MIL_NJN_0040200116.json
2002-03,playoffs,0040200123,BOS,IND,True,,tov,/Users/robschoen/Dropbox/CC/GLA/data/pbp/processed/game_states/playoffs/2002-03/2002-03_BOS_IND_0040200123.json
2002-03,playoffs,0040200124,BOS,IND,True,,tov,/Users/robschoen/Dropbox/CC/GLA/data/pbp/processed/game_states/playoffs/2002-03/2002-03_BOS_IND_0040200124.json
2002-03,playoffs,0040200126,BOS,IND,True,,tov,/Users/robschoen/Dropbox/CC/GLA/data/pbp/processed/game_states/playoffs/2002-03/2002-03_BOS_IND_0040200126.json
2002-03,playoffs,0040200132,PHI,NOH,True,,tov,/Users/robschoen/Dropbox/CC/GLA/data/pbp/processed/game_states/playoffs/2002-03/2002-03_PHI_NOH_0040200132.json
2002-03,playoffs,0040200133,NOH,PHI,True,,tov,/Users/robschoen/Dropbox/CC/GLA/data/pbp/processed/game_states/playoffs/2002-03/2002-03_NOH_PHI_0040200133.json
2002-03,playoffs,0040200134,NOH,PHI,True,,tov,/Users/robschoen/Dropbox/CC/GLA/data/pbp/processed/game_states/playoffs/2002-03/2002-03_NOH_PHI_0040200134.json
2002-03,playoffs,0040200135,PHI,NOH,True,,tov,/Users/robschoen/Dropbox/CC/GLA/data/pbp/processed/game_states/playoffs/2002-03/2002-03_PHI_NOH_0040200135.json
2002-03,playoffs,0040200153,UTA,SAC,True,,tov,/Users/robschoen/Dropbox/CC/GLA/data/pbp/processed/game_states/playoffs/2002-03/2002-03_UTA_SAC_0040200153.json
2002-03,playoffs,0040200173,LAL,MIN,True,,tov,/Users/robschoen/Dropbox/CC/GLA/data/pbp/processed/game_states/playoffs/2002-03/2002-03_LAL_MIN_0040200173.json
2002-03,playoffs,0040200176,LAL,MIN,True,,tov,/Users/robschoen/Dropbox/CC/GLA/data/pbp/processed/game_states/playoffs/2002-03/2002-03_LAL_MIN_0040200176.json
2002-03,playoffs,0040200202,DET,PHI,True,,tov,/Users/robschoen/Dropbox/CC/GLA/data/pbp/processed/game_states/playoffs/2002-03/2002-03_DET_PHI_0040200202.json
2002-03,playoffs,0040200232,DAL,SAC,True,,tov,/Users/robschoen/Dropbox/CC/GLA/data/pbp/processed/game_states/playoffs/2002-03/2002-03_DAL_SAC_0040200232.json
2002-03,playoffs,0040200235,DAL,SAC,True,,tov,/Users/robschoen/Dropbox/CC/GLA/data/pbp/processed/game_states/playoffs/2002-03/2002-03_DAL_SAC_0040200235.json
2002-03,playoffs,0040200236,SAC,DAL,True,,tov,/Users/robschoen/Dropbox/CC/GLA/data/pbp/processed/game_states/playoffs/2002-03/2002-03_SAC_DAL_0040200236.json
2002-03,playoffs,0040200237,DAL,SAC,True,,tov,/Users/robschoen/Dropbox/CC/GLA/data/pbp/processed/game_states/playoffs/2002-03/2002-03_DAL_SAC_0040200237.json
2002-03,playoffs,0040200313,DAL,SAS,True,,tov,/Users/robschoen/Dropbox/CC/GLA/data/pbp/processed/game_states/playoffs/2002-03/2002-03_DAL_SAS_0040200313.json
2002-03,playoffs,0040200403,NJN,SAS,True,,tov,/Users/robschoen/Dropbox/CC/GLA/data/pbp/processed/game_states/playoffs/2002-03/2002-03_NJN_SAS_0040200403.json
2002-03,playoffs,0040200405,NJN,SAS,True,,tov,/Users/robschoen/Dropbox/CC/GLA/data/pbp/processed/game_states/playoffs/2002-03/2002-03_NJN_SAS_0040200405.json
2002-03,regular,0020200053,CLE,LAL,True,,tov,/Users/robschoen/Dropbox/CC/GLA/data/pbp/processed/game_states/regular/2002-03/2002-03_CLE_LAL_0020200053.json
2002-03,regular,0020200162,DEN,UTA,False,pf,,/Users/robschoen/Dropbox/CC/GLA/data/pbp/processed/game_states/regular/2002-03/2002-03_DEN_UTA_0020200162.json
2002-03,regular,0020200286,DEN,IND,False,"ftm,pf",,/Users/robschoen/Dropbox/CC/GLA/data/pbp/processed/game_states/regular/2002-03/2002-03_DEN_IND_0020200286.json
2002-03,regular,0020200291,SAS,SAC,False,fta,,/Users/robschoen/Dropbox/CC/GLA/data/pbp/processed/game_states/regular/2002-03/2002-03_SAS_SAC_0020200291.json
2003-04,playoffs,0040300101,IND,BOS,True,,tov,/Users/robschoen/Dropbox/CC/GLA/data/pbp/processed/game_states/playoffs/2003-04/2003-04_IND_BOS_0040300101.json
2003-04,playoffs,0040300112,NJN,NYK,True,,tov,/Users/robschoen/Dropbox/CC/GLA/data/pbp/processed/game_states/playoffs/2003-04/2003-04_NJN_NYK_0040300112.json
2003-04,playoffs,0040300121,DET,MIL,True,,tov,/Users/robschoen/Dropbox/CC/GLA/data/pbp/processed/game_states/playoffs/2003-04/2003-04_DET_MIL_0040300121.json
2003-04,playoffs,0040300122,DET,MIL,True,,tov,/Users/robschoen/Dropbox/CC/GLA/data/pbp/processed/game_states/playoffs/2003-04/2003-04_DET_MIL_0040300122.json
2003-04,playoffs,0040300131,MIA,NOH,True,,tov,/Users/robschoen/Dropbox/CC/GLA/data/pbp/processed/game_states/playoffs/2003-04/2003-04_MIA_NOH_0040300131.json
2003-04,playoffs,0040300132,MIA,NOH,True,,tov,/Users/robschoen/Dropbox/CC/GLA/data/pbp/processed/game_states/playoffs/2003-04/2003-04_MIA_NOH_0040300132.json
2003-04,playoffs,0040300133,NOH,MIA,True,,tov,/Users/robschoen/Dropbox/CC/GLA/data/pbp/processed/game_states/playoffs/2003-04/2003-04_NOH_MIA_0040300133.json
2003-04,playoffs,0040300134,NOH,MIA,True,,tov,/Users/robschoen/Dropbox/CC/GLA/data/pbp/processed/game_states/playoffs/2003-04/2003-04_NOH_MIA_0040300134.json
2003-04,playoffs,0040300137,MIA,NOH,True,,tov,/Users/robschoen/Dropbox/CC/GLA/data/pbp/processed/game_states/playoffs/2003-04/2003-04_MIA_NOH_0040300137.json
2003-04,playoffs,0040300143,DEN,MIN,True,,tov,/Users/robschoen/Dropbox/CC/GLA/data/pbp/processed/game_states/playoffs/2003-04/2003-04_DEN_MIN_0040300143.json
2003-04,playoffs,0040300151,LAL,HOU,True,,tov,/Users/robschoen/Dropbox/CC/GLA/data/pbp/processed/game_states/playoffs/2003-04/2003-04_LAL_HOU_0040300151.json
2003-04,playoffs,0040300152,LAL,HOU,True,,tov,/Users/robschoen/Dropbox/CC/GLA/data/pbp/processed/game_states/playoffs/2003-04/2003-04_LAL_HOU_0040300152.json
2003-04,playoffs,0040300173,DAL,SAC,True,,tov,/Users/robschoen/Dropbox/CC/GLA/data/pbp/processed/game_states/playoffs/2003-04/2003-04_DAL_SAC_0040300173.json
2003-04,playoffs,0040300175,SAC,DAL,True,,tov,/Users/robschoen/Dropbox/CC/GLA/data/pbp/processed/game_states/playoffs/2003-04/2003-04_SAC_DAL_0040300175.json
2003-04,playoffs,0040300211,DET,NJN,True,,tov,/Users/robschoen/Dropbox/CC/GLA/data/pbp/processed/game_states/playoffs/2003-04/2003-04_DET_NJN_0040300211.json
2003-04,playoffs,0040300213,NJN,DET,True,,tov,/Users/robschoen/Dropbox/CC/GLA/data/pbp/processed/game_states/playoffs/2003-04/2003-04_NJN_DET_0040300213.json
2003-04,playoffs,0040300215,DET,NJN,True,,tov,/Users/robschoen/Dropbox/CC/GLA/data/pbp/processed/game_states/playoffs/2003-04/2003-04_DET_NJN_0040300215.json
2003-04,playoffs,0040300216,NJN,DET,True,,tov,/Users/robschoen/Dropbox/CC/GLA/data/pbp/processed/game_states/playoffs/2003-04/2003-04_NJN_DET_0040300216.json
2003-04,playoffs,0040300233,LAL,SAS,True,,tov,/Users/robschoen/Dropbox/CC/GLA/data/pbp/processed/game_states/playoffs/2003-04/2003-04_LAL_SAS_0040300233.json
2003-04,playoffs,0040300234,LAL,SAS,True,,tov,/Users/robschoen/Dropbox/CC/GLA/data/pbp/processed/game_states/playoffs/2003-04/2003-04_LAL_SAS_0040300234.json
2003-04,playoffs,0040300235,SAS,LAL,True,,tov,/Users/robschoen/Dropbox/CC/GLA/data/pbp/processed/game_states/playoffs/2003-04/2003-04_SAS_LAL_0040300235.json
2003-04,playoffs,0040300301,IND,DET,True,,tov,/Users/robschoen/Dropbox/CC/GLA/data/pbp/processed/game_states/playoffs/2003-04/2003-04_IND_DET_0040300301.json
2003-04,playoffs,0040300304,DET,IND,True,,tov,/Users/robschoen/Dropbox/CC/GLA/data/pbp/processed/game_states/playoffs/2003-04/2003-04_DET_IND_0040300304.json
2003-04,playoffs,0040300306,DET,IND,True,,tov,/Users/robschoen/Dropbox/CC/GLA/data/pbp/processed/game_states/playoffs/2003-04/2003-04_DET_IND_0040300306.json
2003-04,playoffs,0040300312,MIN,LAL,True,,tov,/Users/robschoen/Dropbox/CC/GLA/data/pbp/processed/game_states/playoffs/2003-04/2003-04_MIN_LAL_0040300312.json
2003-04,playoffs,0040300402,LAL,DET,True,,tov,/Users/robschoen/Dropbox/CC/GLA/data/pbp/processed/game_states/playoffs/2003-04/2003-04_LAL_DET_0040300402.json
2003-04,regular,0020300001,PHI,MIA,True,,tov,/Users/robschoen/Dropbox/CC/GLA/data/pbp/processed/game_states/regular/2003-04/2003-04_PHI_MIA_0020300001.json
2003-04,regular,0020300006,NOH,ATL,True,,tov,/Users/robschoen/Dropbox/CC/GLA/data/pbp/processed/game_states/regular/2003-04/2003-04_NOH_ATL_0020300006.json
2003-04,regular,0020300008,DET,IND,True,,tov,/Users/robschoen/Dropbox/CC/GLA/data/pbp/processed/game_states/regular/2003-04/2003-04_DET_IND_0020300008.json
2003-04,regular,0020300011,DEN,SAS,True,,tov,/Users/robschoen/Dropbox/CC/GLA/data/pbp/processed/game_states/regular/2003-04/2003-04_DEN_SAS_0020300011.json
2003-04,regular,0020300018,PHX,CLE,True,,tov,/Users/robschoen/Dropbox/CC/GLA/data/pbp/processed/game_states/regular/2003-04/2003-04_PHX_CLE_0020300018.json
2003-04,regular,0020300021,IND,MIL,True,,tov,/Users/robschoen/Dropbox/CC/GLA/data/pbp/processed/game_states/regular/2003-04/2003-04_IND_MIL_0020300021.json
2003-04,regular,0020300023,MEM,BOS,True,,tov,/Users/robschoen/Dropbox/CC/GLA/data/pbp/processed/game_states/regular/2003-04/2003-04_MEM_BOS_0020300023.json
2003-04,regular,0020300026,SAC,PHI,True,,tov,/Users/robschoen/Dropbox/CC/GLA/data/pbp/processed/game_states/regular/2003-04/2003-04_SAC_PHI_0020300026.json
2003-04,regular,0020300028,ORL,DET,True,,tov,/Users/robschoen/Dropbox/CC/GLA/data/pbp/processed/game_states/regular/2003-04/2003-04_ORL_DET_0020300028.json
2003-04,regular,0020300031,MIN,TOR,True,,tov,/Users/robschoen/Dropbox/CC/GLA/data/pbp/processed/game_states/regular/2003-04/2003-04_MIN_TOR_0020300031.json
2003-04,regular,0020300032,MIL,CHI,True,,tov,/Users/robschoen/Dropbox/CC/GLA/data/pbp/processed/game_states/regular/2003-04/2003-04_MIL_CHI_0020300032.json
2003-04,regular,0020300034,HOU,MEM,True,,tov,/Users/robschoen/Dropbox/CC/GLA/data/pbp/processed/game_states/regular/2003-04/2003-04_HOU_MEM_0020300034.json
2003-04,regular,0020300039,GSW,PHI,True,,tov,/Users/robschoen/Dropbox/CC/GLA/data/pbp/processed/game_states/regular/2003-04/2003-04_GSW_PHI_0020300039.json
2003-04,regular,0020300040,LAL,GSW,True,,tov,/Users/robschoen/Dropbox/CC/GLA/data/pbp/processed/game_states/regular/2003-04/2003-04_LAL_GSW_0020300040.json
2003-04,regular,0020300048,IND,DEN,True,,tov,/Users/robschoen/Dropbox/CC/GLA/data/pbp/processed/game_states/regular/2003-04/2003-04_IND_DEN_0020300048.json
2003-04,regular,0020300053,WAS,DAL,True,,tov,/Users/robschoen/Dropbox/CC/GLA/data/pbp/processed/game_states/regular/2003-04/2003-04_WAS_DAL_0020300053.json
2003-04,regular,0020300054,ORL,CHI,True,,tov,/Users/robschoen/Dropbox/CC/GLA/data/pbp/processed/game_states/regular/2003-04/2003-04_ORL_CHI_0020300054.json
2003-04,regular,0020300057,CLE,DEN,True,,tov,/Users/robschoen/Dropbox/CC/GLA/data/pbp/processed/game_states/regular/2003-04/2003-04_CLE_DEN_0020300057.json
2003-04,regular,0020300059,UTA,PHX,True,,tov,/Users/robschoen/Dropbox/CC/GLA/data/pbp/processed/game_states/regular/2003-04/2003-04_UTA_PHX_0020300059.json
2003-04,regular,0020300064,SAS,LAL,True,,tov,/Users/robschoen/Dropbox/CC/GLA/data/pbp/processed/game_states/regular/2003-04/2003-04_SAS_LAL_0020300064.json
2003-04,regular,0020300096,IND,BOS,True,,tov,/Users/robschoen/Dropbox/CC/GLA/data/pbp/processed/game_states/regular/2003-04/2003-04_IND_BOS_0020300096.json
2003-04,regular,0020300102,LAC,ATL,True,,tov,/Users/robschoen/Dropbox/CC/GLA/data/pbp/processed/game_states/regular/2003-04/2003-04_LAC_ATL_0020300102.json
2003-04,regular,0020300104,NJN,SAS,True,,tov,/Users/robschoen/Dropbox/CC/GLA/data/pbp/processed/game_states/regular/2003-04/2003-04_NJN_SAS_0020300104.json
2003-04,regular,0020300118,IND,SEA,True,,tov,/Users/robschoen/Dropbox/CC/GLA/data/pbp/processed/game_states/regular/2003-04/2003-04_IND_SEA_0020300118.json
2003-04,regular,0020300133,MIL,UTA,True,,tov,/Users/robschoen/Dropbox/CC/GLA/data/pbp/processed/game_states/regular/2003-04/2003-04_MIL_UTA_0020300133.json
2003-04,regular,0020300137,SAC,GSW,True,,tov,/Users/robschoen/Dropbox/CC/GLA/data/pbp/processed/game_states/regular/2003-04/2003-04_SAC_GSW_0020300137.json
2003-04,regular,0020300383,DET,UTA,False,stl,,/Users/robschoen/Dropbox/CC/GLA/data/pbp/processed/game_states/regular/2003-04/2003-04_DET_UTA_0020300383.json
2003-04,regular,0020300778,NOH,WAS,False,"fg3m,fgm,plus_minus,pts",,/Users/robschoen/Dropbox/CC/GLA/data/pbp/processed/game_states/regular/2003-04/2003-04_NOH_WAS_0020300778.json
2003-04,regular,0020301045,CHI,MIL,False,ftm,,/Users/robschoen/Dropbox/CC/GLA/data/pbp/processed/game_states/regular/2003-04/2003-04_CHI_MIL_0020301045.json
2003-04,regular,0020301073,DAL,CLE,False,ftm,,/Users/robschoen/Dropbox/CC/GLA/data/pbp/processed/game_states/regular/2003-04/2003-04_DAL_CLE_0020301073.json
2006-07,regular,0020601199,TOR,NYK,False,fta,,/Users/robschoen/Dropbox/CC/GLA/data/pbp/processed/game_states/regular/2006-07/2006-07_TOR_NYK_0020601199.json
2008-09,regular,0020800010,OKC,MIL,False,pf,,/Users/robschoen/Dropbox/CC/GLA/data/pbp/processed/game_states/regular/2008-09/2008-09_OKC_MIL_0020800010.json
2008-09,regular,0020800017,DAL,HOU,False,ftm,,/Users/robschoen/Dropbox/CC/GLA/data/pbp/processed/game_states/regular/2008-09/2008-09_DAL_HOU_0020800017.json
2008-09,regular,0020800118,CHI,DAL,False,pf,,/Users/robschoen/Dropbox/CC/GLA/data/pbp/processed/game_states/regular/2008-09/2008-09_CHI_DAL_0020800118.json
2008-09,regular,0020800138,HOU,NOH,False,ftm,,/Users/robschoen/Dropbox/CC/GLA/data/pbp/processed/game_states/regular/2008-09/2008-09_HOU_NOH_0020800138.json
2008-09,regular,0020800147,UTA,PHX,False,pf,,/Users/robschoen/Dropbox/CC/GLA/data/pbp/processed/game_states/regular/2008-09/2008-09_UTA_PHX_0020800147.json
2008-09,regular,0020800153,BOS,NYK,False,"fta,ftm",,/Users/robschoen/Dropbox/CC/GLA/data/pbp/processed/game_states/regular/2008-09/2008-09_BOS_NYK_0020800153.json
2008-09,regular,0020800157,GSW,POR,False,ftm,,/Users/robschoen/Dropbox/CC/GLA/data/pbp/processed/game_states/regular/2008-09/2008-09_GSW_POR_0020800157.json
2008-09,regular,0020800225,TOR,ATL,False,ftm,,/Users/robschoen/Dropbox/CC/GLA/data/pbp/processed/game_states/regular/2008-09/2008-09_TOR_ATL_0020800225.json
2008-09,regular,0020800242,HOU,SAS,False,ftm,,/Users/robschoen/Dropbox/CC/GLA/data/pbp/processed/game_states/regular/2008-09/2008-09_HOU_SAS_0020800242.json
2008-09,regular,0020800329,BOS,NOH,False,ftm,,/Users/robschoen/Dropbox/CC/GLA/data/pbp/processed/game_states/regular/2008-09/2008-09_BOS_NOH_0020800329.json
2008-09,regular,0020800380,BOS,CHI,False,ftm,,/Users/robschoen/Dropbox/CC/GLA/data/pbp/processed/game_states/regular/2008-09/2008-09_BOS_CHI_0020800380.json
2008-09,regular,0020800400,BOS,NYK,False,ftm,,/Users/robschoen/Dropbox/CC/GLA/data/pbp/processed/game_states/regular/2008-09/2008-09_BOS_NYK_0020800400.json
2008-09,regular,0020800401,WAS,DAL,False,ftm,,/Users/robschoen/Dropbox/CC/GLA/data/pbp/processed/game_states/regular/2008-09/2008-09_WAS_DAL_0020800401.json
2008-09,regular,0020800431,NOH,HOU,False,ftm,,/Users/robschoen/Dropbox/CC/GLA/data/pbp/processed/game_states/regular/2008-09/2008-09_NOH_HOU_0020800431.json
2008-09,regular,0020800449,LAL,GSW,False,ftm,,/Users/robschoen/Dropbox/CC/GLA/data/pbp/processed/game_states/regular/2008-09/2008-09_LAL_GSW_0020800449.json
2008-09,regular,0020800512,DAL,LAC,False,pf,,/Users/robschoen/Dropbox/CC/GLA/data/pbp/processed/game_states/regular/2008-09/2008-09_DAL_LAC_0020800512.json
2008-09,regular,0020800654,GSW,LAC,False,ftm,,/Users/robschoen/Dropbox/CC/GLA/data/pbp/processed/game_states/regular/2008-09/2008-09_GSW_LAC_0020800654.json
2008-09,regular,0020800677,POR,CHA,False,pf,,/Users/robschoen/Dropbox/CC/GLA/data/pbp/processed/game_states/regular/2008-09/2008-09_POR_CHA_0020800677.json
2008-09,regular,0020800681,DET,BOS,False,ftm,,/Users/robschoen/Dropbox/CC/GLA/data/pbp/processed/game_states/regular/2008-09/2008-09_DET_BOS_0020800681.json
2008-09,regular,0020800713,GSW,SAS,False,ftm,,/Users/robschoen/Dropbox/CC/GLA/data/pbp/processed/game_states/regular/2008-09/2008-09_GSW_SAS_0020800713.json
2008-09,regular,0020800796,UTA,MEM,False,ftm,,/Users/robschoen/Dropbox/CC/GLA/data/pbp/processed/game_states/regular/2008-09/2008-09_UTA_MEM_0020800796.json
2008-09,regular,0020800871,DEN,LAL,False,ftm,,/Users/robschoen/Dropbox/CC/GLA/data/pbp/processed/game_states/regular/2008-09/2008-09_DEN_LAL_0020800871.json
2008-09,regular,0020801102,UTA,NYK,False,ftm,,/Users/robschoen/Dropbox/CC/GLA/data/pbp/processed/game_states/regular/2008-09/2008-09_UTA_NYK_0020801102.json
2009-10,regular,0020900007,TOR,CLE,False,ftm,,/Users/robschoen/Dropbox/CC/GLA/data/pbp/processed/game_states/regular/2009-10/2009-10_TOR_CLE_0020900007.json
2009-10,regular,0020900179,DAL,SAC,False,ftm,,/Users/robschoen/Dropbox/CC/GLA/data/pbp/processed/game_states/regular/2009-10/2009-10_DAL_SAC_0020900179.json
2009-10,regular,0020900216,SAS,GSW,False,"fta,ftm",,/Users/robschoen/Dropbox/CC/GLA/data/pbp/processed/game_states/regular/2009-10/2009-10_SAS_GSW_0020900216.json
2009-10,regular,0020900305,NOH,SAC,False,ftm,,/Users/robschoen/Dropbox/CC/GLA/data/pbp/processed/game_states/regular/2009-10/2009-10_NOH_SAC_0020900305.json
2009-10,regular,0020900386,PHI,LAC,False,ftm,,/Users/robschoen/Dropbox/CC/GLA/data/pbp/processed/game_states/regular/2009-10/2009-10_PHI_LAC_0020900386.json
2009-10,regular,0020900451,GSW,BOS,False,ftm,,/Users/robschoen/Dropbox/CC/GLA/data/pbp/processed/game_states/regular/2009-10/2009-10_GSW_BOS_0020900451.json
2009-10,regular,0020900701,HOU,PHX,False,ftm,,/Users/robschoen/Dropbox/CC/GLA/data/pbp/processed/game_states/regular/2009-10/2009-10_HOU_PHX_0020900701.json
2009-10,regular,0020900887,CLE,NYK,False,ftm,,/Users/robschoen/Dropbox/CC/GLA/data/pbp/processed/game_states/regular/2009-10/2009-10_CLE_NYK_0020900887.json
2009-10,regular,0020901163,MIN,GSW,False,ftm,,/Users/robschoen/Dropbox/CC/GLA/data/pbp/processed/game_states/regular/2009-10/2009-10_MIN_GSW_0020901163.json
2010-11,regular,0021000044,CHI,POR,False,ftm,,/Users/robschoen/Dropbox/CC/GLA/data/pbp/processed/game_states/regular/2010-11/2010-11_CHI_POR_0021000044.json
2010-11,regular,0021000227,IND,OKC,False,ftm,,/Users/robschoen/Dropbox/CC/GLA/data/pbp/processed/game_states/regular/2010-11/2010-11_IND_OKC_0021000227.json
2010-11,regular,0021000365,DEN,ORL,False,"fta,ftm",,/Users/robschoen/Dropbox/CC/GLA/data/pbp/processed/game_states/regular/2010-11/2010-11_DEN_ORL_0021000365.json
2010-11,regular,0021000434,ORL,BOS,False,ftm,,/Users/robschoen/Dropbox/CC/GLA/data/pbp/processed/game_states/regular/2010-11/2010-11_ORL_BOS_0021000434.json
2010-11,regular,0021000489,MIL,DAL,False,pf,,/Users/robschoen/Dropbox/CC/GLA/data/pbp/processed/game_states/regular/2010-11/2010-11_MIL_DAL_0021000489.json
2010-11,regular,0021000676,UTA,SAS,False,ftm,,/Users/robschoen/Dropbox/CC/GLA/data/pbp/processed/game_states/regular/2010-11/2010-11_UTA_SAS_0021000676.json
2010-11,regular,0021000857,PHX,ATL,False,ftm,,/Users/robschoen/Dropbox/CC/GLA/data/pbp/processed/game_states/regular/2010-11/2010-11_PHX_ATL_0021000857.json
2010-11,regular,0021000930,LAC,DEN,False,ftm,,/Users/robschoen/Dropbox/CC/GLA/data/pbp/processed/game_states/regular/2010-11/2010-11_LAC_DEN_0021000930.json
2010-11,regular,0021001101,CLE,MIA,False,"fg3m,fgm",,/Users/robschoen/Dropbox/CC/GLA/data/pbp/processed/game_states/regular/2010-11/2010-11_CLE_MIA_0021001101.json
2010-11,regular,0021001173,GSW,LAL,False,ftm,,/Users/robschoen/Dropbox/CC/GLA/data/pbp/processed/game_states/regular/2010-11/2010-11_GSW_LAL_0021001173.json
2010-11,regular,0021001210,DEN,GSW,False,ftm,,/Users/robschoen/Dropbox/CC/GLA/data/pbp/processed/game_states/regular/2010-11/2010-11_DEN_GSW_0021001210.json
2011-12,playoffs,0041100167,LAL,DEN,False,ftm,,/Users/robschoen/Dropbox/CC/GLA/data/pbp/processed/game_states/playoffs/2011-12/2011-12_LAL_DEN_0041100167.json
2011-12,regular,0021100089,MIN,MEM,False,ftm,,/Users/robschoen/Dropbox/CC/GLA/data/pbp/processed/game_states/regular/2011-12/2011-12_MIN_MEM_0021100089.json
2011-12,regular,0021100211,SAC,IND,False,ftm,,/Users/robschoen/Dropbox/CC/GLA/data/pbp/processed/game_states/regular/2011-12/2011-12_SAC_IND_0021100211.json
2011-12,regular,0021100495,MIN,UTA,False,ftm,,/Users/robschoen/Dropbox/CC/GLA/data/pbp/processed/game_states/regular/2011-12/2011-12_MIN_UTA_0021100495.json
2011-12,regular,0021100558,MIL,PHI,False,ftm,,/Users/robschoen/Dropbox/CC/GLA/data/pbp/processed/game_states/regular/2011-12/2011-12_MIL_PHI_0021100558.json
2011-12,regular,0021100601,PHX,MEM,False,ftm,,/Users/robschoen/Dropbox/CC/GLA/data/pbp/processed/game_states/regular/2011-12/2011-12_PHX_MEM_0021100601.json
2011-12,regular,0021100660,DEN,BOS,False,ftm,,/Users/robschoen/Dropbox/CC/GLA/data/pbp/processed/game_states/regular/2011-12/2011-12_DEN_BOS_0021100660.json
2011-12,regular,0021100664,MEM,WAS,False,ftm,,/Users/robschoen/Dropbox/CC/GLA/data/pbp/processed/game_states/regular/2011-12/2011-12_MEM_WAS_0021100664.json
2011-12,regular,0021100772,DET,CHA,False,"fta,ftm",,/Users/robschoen/Dropbox/CC/GLA/data/pbp/processed/game_states/regular/2011-12/2011-12_DET_CHA_0021100772.json
2011-12,regular,0021100891,MIL,IND,False,ftm,,/Users/robschoen/Dropbox/CC/GLA/data/pbp/processed/game_states/regular/2011-12/2011-12_MIL_IND_0021100891.json
2011-12,regular,0021100911,LAC,OKC,False,ftm,,/Users/robschoen/Dropbox/CC/GLA/data/pbp/processed/game_states/regular/2011-12/2011-12_LAC_OKC_0021100911.json
2011-12,regular,0021100959,LAC,NOH,False,ftm,,/Users/robschoen/Dropbox/CC/GLA/data/pbp/processed/game_states/regular/2011-12/2011-12_LAC_NOH_0021100959.json
2011-12,regular,0021100987,MIN,DEN,False,ftm,,/Users/robschoen/Dropbox/CC/GLA/data/pbp/processed/game_states/regular/2011-12/2011-12_MIN_DEN_0021100987.json
2012-13,playoffs,0041200215,NYK,IND,False,ftm,,/Users/robschoen/Dropbox/CC/GLA/data/pbp/processed/game_states/playoffs/2012-13/2012-13_NYK_IND_0041200215.json
2012-13,regular,0021200086,MIL,BOS,False,ftm,,/Users/robschoen/Dropbox/CC/GLA/data/pbp/processed/game_states/regular/2012-13/2012-13_MIL_BOS_0021200086.json
2012-13,regular,0021200217,NOH,UTA,False,ftm,,/Users/robschoen/Dropbox/CC/GLA/data/pbp/processed/game_states/regular/2012-13/2012-13_NOH_UTA_0021200217.json
2012-13,regular,0021200251,PHI,MIN,False,ftm,,/Users/robschoen/Dropbox/CC/GLA/data/pbp/processed/game_states/regular/2012-13/2012-13_PHI_MIN_0021200251.json
2012-13,regular,0021200606,NOH,SAC,False,ftm,,/Users/robschoen/Dropbox/CC/GLA/data/pbp/processed/game_states/regular/2012-13/2012-13_NOH_SAC_0021200606.json
2012-13,regular,0021200861,IND,LAC,False,ftm,,/Users/robschoen/Dropbox/CC/GLA/data/pbp/processed/game_states/regular/2012-13/2012-13_IND_LAC_0021200861.json
2012-13,regular,0021200867,BOS,GSW,False,ftm,,/Users/robschoen/Dropbox/CC/GLA/data/pbp/processed/game_states/regular/2012-13/2012-13_BOS_GSW_0021200867.json
2012-13,regular,0021201053,GSW,LAL,False,ftm,,/Users/robschoen/Dropbox/CC/GLA/data/pbp/processed/game_states/regular/2012-13/2012-13_GSW_LAL_0021201053.json
2012-13,regular,0021201184,HOU,MEM,False,ftm,,/Users/robschoen/Dropbox/CC/GLA/data/pbp/processed/game_states/regular/2012-13/2012-13_HOU_MEM_0021201184.json
2013-14,regular,0021300031,SAC,LAC,False,ftm,,/Users/robschoen/Dropbox/CC/GLA/data/pbp/processed/game_states/regular/2013-14/2013-14_SAC_LAC_0021300031.json
2013-14,regular,0021300107,MIA,MIL,False,ftm,,/Users/robschoen/Dropbox/CC/GLA/data/pbp/processed/game_states/regular/2013-14/2013-14_MIA_MIL_0021300107.json
2013-14,regular,0021300215,CHA,IND,False,ftm,,/Users/robschoen/Dropbox/CC/GLA/data/pbp/processed/game_states/regular/2013-14/2013-14_CHA_IND_0021300215.json
2013-14,regular,0021300225,DAL,GSW,False,ftm,,/Users/robschoen/Dropbox/CC/GLA/data/pbp/processed/game_states/regular/2013-14/2013-14_DAL_GSW_0021300225.json
2013-14,regular,0021300251,SAC,GSW,False,ftm,,/Users/robschoen/Dropbox/CC/GLA/data/pbp/processed/game_states/regular/2013-14/2013-14_SAC_GSW_0021300251.json
2013-14,regular,0021300368,GSW,NOP,False,ftm,,/Users/robschoen/Dropbox/CC/GLA/data/pbp/processed/game_states/regular/2013-14/2013-14_GSW_NOP_0021300368.json
2013-14,regular,0021300414,SAS,TOR,False,ftm,,/Users/robschoen/Dropbox/CC/GLA/data/pbp/processed/game_states/regular/2013-14/2013-14_SAS_TOR_0021300414.json
2013-14,regular,0021300451,SAS,SAC,False,ftm,,/Users/robschoen/Dropbox/CC/GLA/data/pbp/processed/game_states/regular/2013-14/2013-14_SAS_SAC_0021300451.json
2013-14,regular,0021300493,MIN,OKC,False,ftm,,/Users/robschoen/Dropbox/CC/GLA/data/pbp/processed/game_states/regular/2013-14/2013-14_MIN_OKC_0021300493.json
2013-14,regular,0021300541,GSW,BOS,False,ftm,,/Users/robschoen/Dropbox/CC/GLA/data/pbp/processed/game_states/regular/2013-14/2013-14_GSW_BOS_0021300541.json
2013-14,regular,0021300564,MEM,OKC,False,ftm,,/Users/robschoen/Dropbox/CC/GLA/data/pbp/processed/game_states/regular/2013-14/2013-14_MEM_OKC_0021300564.json
2013-14,regular,0021300656,NOP,ORL,False,ftm,,/Users/robschoen/Dropbox/CC/GLA/data/pbp/processed/game_states/regular/2013-14/2013-14_NOP_ORL_0021300656.json
2013-14,regular,0021300759,BKN,NOP,False,ftm,,/Users/robschoen/Dropbox/CC/GLA/data/pbp/processed/game_states/regular/2013-14/2013-14_BKN_NOP_0021300759.json
2013-14,regular,0021301057,CLE,TOR,False,ftm,,/Users/robschoen/Dropbox/CC/GLA/data/pbp/processed/game_states/regular/2013-14/2013-14_CLE_TOR_0021301057.json
2013-14,regular,0021301141,GSW,SAC,False,ftm,,/Users/robschoen/Dropbox/CC/GLA/data/pbp/processed/game_states/regular/2013-14/2013-14_GSW_SAC_0021301141.json
2013-14,regular,0021301230,DEN,GSW,False,ftm,,/Users/robschoen/Dropbox/CC/GLA/data/pbp/processed/game_states/regular/2013-14/2013-14_DEN_GSW_0021301230.json
2014-15,playoffs,0041400166,SAS,LAC,False,pf,,/Users/robschoen/Dropbox/CC/GLA/data/pbp/processed/game_states/playoffs/2014-15/2014-15_SAS_LAC_0041400166.json
2014-15,playoffs,0041400235,HOU,LAC,False,ftm,,/Users/robschoen/Dropbox/CC/GLA/data/pbp/processed/game_states/playoffs/2014-15/2014-15_HOU_LAC_0041400235.json
2014-15,regular,0021400072,ORL,MIN,False,ftm,,/Users/robschoen/Dropbox/CC/GLA/data/pbp/processed/game_states/regular/2014-15/2014-15_ORL_MIN_0021400072.json
2014-15,regular,0021400215,ATL,TOR,False,ftm,,/Users/robschoen/Dropbox/CC/GLA/data/pbp/processed/game_states/regular/2014-15/2014-15_ATL_TOR_0021400215.json
2014-15,regular,0021400615,GSW,DEN,False,ftm,,/Users/robschoen/Dropbox/CC/GLA/data/pbp/processed/game_states/regular/2014-15/2014-15_GSW_DEN_0021400615.json
2014-15,regular,0021400769,DET,MIN,False,ftm,,/Users/robschoen/Dropbox/CC/GLA/data/pbp/processed/game_states/regular/2014-15/2014-15_DET_MIN_0021400769.json
2014-15,regular,0021400814,GSW,SAS,False,ftm,,/Users/robschoen/Dropbox/CC/GLA/data/pbp/processed/game_states/regular/2014-15/2014-15_GSW_SAS_0021400814.json
2014-15,regular,0021400855,PHX,OKC,False,ftm,,/Users/robschoen/Dropbox/CC/GLA/data/pbp/processed/game_states/regular/2014-15/2014-15_PHX_OKC_0021400855.json
2014-15,regular,0021401181,HOU,SAS,False,ftm,,/Users/robschoen/Dropbox/CC/GLA/data/pbp/processed/game_states/regular/2014-15/2014-15_HOU_SAS_0021401181.json
2015-16,playoffs,0041500203,ATL,CLE,False,pf,,/Users/robschoen/Dropbox/CC/GLA/data/pbp/processed/game_states/playoffs/2015-16/2015-16_ATL_CLE_0041500203.json
2015-16,playoffs,0041500311,GSW,OKC,False,ftm,,/Users/robschoen/Dropbox/CC/GLA/data/pbp/processed/game_states/playoffs/2015-16/2015-16_GSW_OKC_0041500311.json
2015-16,regular,0021500391,CHI,DET,False,ftm,,/Users/robschoen/Dropbox/CC/GLA/data/pbp/processed/game_states/regular/2015-16/2015-16_CHI_DET_0021500391.json
2015-16,regular,0021500470,HOU,ATL,False,pf,,/Users/robschoen/Dropbox/CC/GLA/data/pbp/processed/game_states/regular/2015-16/2015-16_HOU_ATL_0021500470.json
2015-16,regular,0021500594,OKC,MIN,False,ftm,,/Users/robschoen/Dropbox/CC/GLA/data/pbp/processed/game_states/regular/2015-16/2015-16_OKC_MIN_0021500594.json
2015-16,regular,0021500627,DEN,OKC,False,ftm,,/Users/robschoen/Dropbox/CC/GLA/data/pbp/processed/game_states/regular/2015-16/2015-16_DEN_OKC_0021500627.json
2015-16,regular,0021500761,CHA,WAS,False,ftm,,/Users/robschoen/Dropbox/CC/GLA/data/pbp/processed/game_states/regular/2015-16/2015-16_CHA_WAS_0021500761.json
2015-16,regular,0021500765,MEM,DAL,False,ftm,,/Users/robschoen/Dropbox/CC/GLA/data/pbp/processed/game_states/regular/2015-16/2015-16_MEM_DAL_0021500765.json
2015-16,regular,0021500965,BOS,HOU,False,ftm,,/Users/robschoen/Dropbox/CC/GLA/data/pbp/processed/game_states/regular/2015-16/2015-16_BOS_HOU_0021500965.json
2015-16,regular,0021501072,LAC,POR,False,pf,,/Users/robschoen/Dropbox/CC/GLA/data/pbp/processed/game_states/regular/2015-16/2015-16_LAC_POR_0021501072.json
2015-16,regular,0021501180,PHI,NYK,False,ftm,,/Users/robschoen/Dropbox/CC/GLA/data/pbp/processed/game_states/regular/2015-16/2015-16_PHI_NYK_0021501180.json
2016-17,regular,0021600026,PHI,ATL,False,ftm,,/Users/robschoen/Dropbox/CC/GLA/data/pbp/processed/game_states/regular/2016-17/2016-17_PHI_ATL_0021600026.json
2016-17,regular,0021600158,PHI,WAS,False,ftm,,/Users/robschoen/Dropbox/CC/GLA/data/pbp/processed/game_states/regular/2016-17/2016-17_PHI_WAS_0021600158.json
2016-17,regular,0021600214,ORL,PHX,False,pf,,/Users/robschoen/Dropbox/CC/GLA/data/pbp/processed/game_states/regular/2016-17/2016-17_ORL_PHX_0021600214.json
2016-17,regular,0021600344,LAL,PHX,False,ftm,,/Users/robschoen/Dropbox/CC/GLA/data/pbp/processed/game_states/regular/2016-17/2016-17_LAL_PHX_0021600344.json
2016-17,regular,0021600478,ATL,NYK,False,ftm,,/Users/robschoen/Dropbox/CC/GLA/data/pbp/processed/game_states/regular/2016-17/2016-17_ATL_NYK_0021600478.json
2016-17,regular,0021600487,MEM,OKC,False,ftm,,/Users/robschoen/Dropbox/CC/GLA/data/pbp/processed/game_states/regular/2016-17/2016-17_MEM_OKC_0021600487.json
2016-17,regular,0021600528,LAL,MEM,False,ftm,,/Users/robschoen/Dropbox/CC/GLA/data/pbp/processed/game_states/regular/2016-17/2016-17_LAL_MEM_0021600528.json
2016-17,regular,0021600770,IND,OKC,False,ftm,,/Users/robschoen/Dropbox/CC/GLA/data/pbp/processed/game_states/regular/2016-17/2016-17_IND_OKC_0021600770.json
2016-17,regular,0021600871,CLE,CHI,False,fgm,,/Users/robschoen/Dropbox/CC/GLA/data/pbp/processed/game_states/regular/2016-17/2016-17_CLE_CHI_0021600871.json
2016-17,regular,0021601215,LAL,NOP,False,ftm,,/Users/robschoen/Dropbox/CC/GLA/data/pbp/processed/game_states/regular/2016-17/2016-17_LAL_NOP_0021601215.json
2017-18,regular,0021700008,MEM,NOP,False,pf,,/Users/robschoen/Dropbox/CC/GLA/data/pbp/processed/game_states/regular/2017-18/2017-18_MEM_NOP_0021700008.json
2017-18,regular,0021700377,CHA,LAL,False,fta,,/Users/robschoen/Dropbox/CC/GLA/data/pbp/processed/game_states/regular/2017-18/2017-18_CHA_LAL_0021700377.json
2021-22,regular,0022100707,DEN,DET,False,fgm,,/Users/robschoen/Dropbox/CC/GLA/data/pbp/processed/game_states/regular/2021-22/2021-22_DEN_DET_0022100707.json
2021-22,regular,0022100924,MIL,CHA,False,fta,,/Users/robschoen/Dropbox/CC/GLA/data/pbp/processed/game_states/regular/2021-22/2021-22_MIL_CHA_0022100924.json
2023-24,regular,0022300195,TOR,MIL,False,"fta,ftm",,/Users/robschoen/Dropbox/CC/GLA/data/pbp/processed/game_states/regular/2023-24/2023-24_TOR_MIL_0022300195.json
2023-24,regular,0022301195,NOP,LAL,False,"fta,ftm",,/Users/robschoen/Dropbox/CC/GLA/data/pbp/processed/game_states/regular/2023-24/2023-24_NOP_LAL_0022301195.json
2025-26,regular,0022500029,WAS,CLE,False,"ftm,plus_minus,pts",,/Users/robschoen/Dropbox/CC/GLA/data/pbp/processed/game_states/regular/2025-26/2025-26_WAS_CLE_0022500029.json
