team,games,off_rating,def_rating,net_rating,games_opp_off_rating_opp_gt_115,games_opp_off_rating_opp_lte_115,games_opp_def_rating_opp_gt_115,games_opp_def_rating_opp_lte_115,off_rating_opp_off_rating_opp_gt_115,off_rating_opp_off_rating_opp_lte_115,off_rating_opp_def_rating_opp_gt_115,off_rating_opp_def_rating_opp_lte_115,def_rating_opp_off_rating_opp_gt_115,def_rating_opp_off_rating_opp_lte_115,def_rating_opp_def_rating_opp_gt_115,def_rating_opp_def_rating_opp_lte_115,net_rating_opp_off_rating_opp_gt_115,net_rating_opp_off_rating_opp_lte_115,net_rating_opp_def_rating_opp_gt_115,net_rating_opp_def_rating_opp_lte_115
ATL,82,115.12206684048351,112.94955489614242,2.172511944341096,37.0,45.0,33.0,49.0,111.42781033564198,118.08283518360376,120.21906453522794,111.71936758893281,116.9776119402985,109.71538626150226,110.94955489614244,114.28288822947576,-5.549801604656523,8.367448922101502,9.269509639085499,-2.563520640542947
BKN,82,109.50579929399899,119.65005035246728,-10.144251058468285,39.0,43.0,32.0,50.0,105.24658971668414,113.44660194174759,116.79288771814291,104.98467824310521,122.15239591516102,117.33333333333333,118.7026671056964,120.23639698390053,-16.90580619847688,-3.886731391585741,-1.909779387553499,-15.251718740795326
BOS,82,119.97452229299364,111.72282263191353,8.25169966108011,36.0,46.0,34.0,48.0,117.30994152046783,122.03160270880362,124.1421568627451,117.0082860880942,115.34190531852717,108.93540400630204,108.58277336591327,113.96209976040079,1.968036201940663,13.096198702501582,15.559383496831828,3.0461863276934054
CHA,82,118.40926064227035,113.48020911127708,4.929051530993277,36.0,46.0,35.0,47.0,114.91681009753299,121.08619173262973,122.99651567944252,114.9673202614379,117.02493551160791,110.75907590759076,112.18804410911201,114.45074106364427,-2.1081254140749195,10.327115825038973,10.80847157033051,0.5165791977936323
CHI,82,112.12085586644722,117.41692198915861,-5.2960661227113945,40.0,42.0,32.0,50.0,112.5697646202378,111.69897377423032,115.20239880059971,110.13343647263585,120.25778210116731,114.74622770919068,116.24548736462094,118.17125145292522,-7.688017480929503,-3.0472539349603522,-1.0430885640212324,-8.037814980289369
CLE,82,118.28385228095584,114.14787118562298,4.135981095332866,36.0,46.0,35.0,47.0,115.79236473496293,120.23681377825619,121.76370830977955,115.69081718618366,114.66959144502331,113.73815676141257,112.86037309214245,115.10624868504102,1.122773289939616,6.498657016843623,8.903335217637093,0.5845685011426411
DAL,82,111.72397325692454,116.95278969957081,-5.228816442646277,41.0,41.0,38.0,44.0,112.31671554252199,111.15779645191411,115.74844074844076,108.30388692579504,120.63492063492063,113.4404845096669,117.69430051813472,116.32067137809187,-8.318205092398642,-2.282688057752793,-1.9458597696939677,-8.016784452296832
DEN,82,121.2011139363119,116.02129719264278,5.179816743669122,36.0,46.0,35.0,47.0,117.62926292629263,124.01038286826736,122.80751708428245,120.01263956182852,117.75881057268722,114.65889464594127,115.6276686592656,116.3123552936224,-0.12954764639459881,9.351488222326083,7.179848425016857,3.7002842682061186
DET,82,117.32474790426437,108.9058524173028,8.418895486961574,35.0,47.0,36.0,46.0,114.44539982803094,119.44327288064108,120.55172413793103,114.78506296135475,109.36073059360731,108.57022531059171,108.91089108910892,108.90188434048082,5.084669234423629,10.873047570049366,11.640833048822117,5.8831786208739345
GSW,82,113.9427740058196,114.45885347230637,-0.5160794664867723,41.0,41.0,39.0,43.0,110.8957055214724,116.91828420800383,116.44569097399287,111.67360147942674,116.45818003433897,112.50598945855295,112.87280142747898,115.89648798521257,-5.562474512866572,4.412294749450879,3.572889546513892,-4.222886505785837
HOU,82,117.49564784879382,112.13175885643255,5.363888992361268,35.0,47.0,41.0,41.0,113.5413600235502,120.38751345532832,119.98014395631671,115.00124595066035,114.20571765399352,110.61908856405847,112.94642857142858,111.31323199601295,-0.6643576304433196,9.768424891269845,7.033715384888126,3.6880139546474027
IND,82,110.75204228736185,118.6066066066066,-7.8545643192447585,40.0,42.0,31.0,51.0,110.7759669180248,110.72869689057678,111.68831168831169,110.17998838784595,119.96105160662123,117.2871709746265,115.97595697564063,120.21688613477923,-9.185084688596419,-6.55847408404972,-4.287645287328942,-10.036897746933278
LAC,82,116.33620152138671,115.20518897343146,1.131012547955251,35.0,47.0,36.0,46.0,115.54312628790109,116.91908264820424,118.14628699050809,114.87491548343476,118.51633794524581,112.77056277056276,113.45616973757677,116.61781285231116,-2.97321165734472,4.148519877641476,4.690117252931316,-1.742897368876399
LAL,82,118.46516826027566,116.9529499626587,1.512218297616954,35.0,47.0,36.0,46.0,113.09765285424515,122.49022164276401,125.0779257580051,113.30680813439433,119.8195576251455,114.81078729882557,115.84018135449136,117.82463928967815,-6.721904770900352,7.679434343938439,9.23774440351373,-4.517831155283815
MEM,82,112.40884638374177,118.44404548174745,-6.035199098005677,40.0,42.0,37.0,45.0,110.70101560564775,114.0018484288355,116.0719006079831,109.38454823221299,120.75378130424002,116.2887552059232,115.40905480540111,120.94801223241589,-10.052765698592268,-2.286906777087694,0.6628458025819839,-11.563464000202899
MIA,82,115.82330255930817,113.72411372411374,2.0991888351944397,37.0,45.0,33.0,49.0,117.31070496083551,114.61815104717581,118.84681583476764,113.7448235062118,117.96548117154812,110.2900698708448,109.68203953022058,116.51503164556962,-0.6547762107126118,4.328081176331011,9.164776304547061,-2.7702081393578197
MIL,82,113.52771868351897,119.68769519050593,-6.159976506986965,39.0,43.0,32.0,50.0,111.20780590717298,115.6227673255537,117.67937944408533,110.90463549111702,120.62072593371909,118.84368308351179,117.4095607235142,121.12446526787532,-9.412920026546104,-3.220915757958096,0.26981872057112355,-10.219829776758303
MIN,82,117.08615682478218,113.92389723703344,3.1622595877487356,35.0,47.0,41.0,41.0,114.17188389299943,119.24210526315791,121.06543420092434,113.14712256200336,115.90909090909092,112.44716821639899,114.78770131771596,113.07173808377466,-1.7372070160914888,6.794937046758918,6.277732883208387,0.07538447822869898
NOP,82,114.74079457364341,119.16696936675142,-4.426174793108004,40.0,42.0,36.0,46.0,113.3502538071066,116.01019462465246,115.80645161290322,113.8668430335097,123.49061390157281,115.21890201528839,115.29348411416262,122.33223322332233,-10.140360094466217,0.7912926093640635,0.5129674987405934,-8.465390189812638
NYK,82,118.68008948545861,112.31343283582089,6.366656649637719,35.0,47.0,34.0,48.0,115.78330893118593,120.81623839343554,122.25844694724364,116.09589041095892,115.41166129504833,110.02809595850442,110.02967359050446,113.96145610278371,0.3716476361375953,10.788142434931117,12.228773356739183,2.1344343081752015
OKC,82,117.66124171187462,106.57831325301206,11.082928458862568,37.0,45.0,37.0,45.0,116.01289629231597,119.00284277279684,119.47089947089947,116.14617940199336,109.6938775510204,104.04283216783216,104.23168473948692,108.54171276831157,6.319018741295565,14.96001060496468,15.239214731412545,7.604466633681795
ORL,82,114.21179302045728,113.61338468945594,0.5984083310013375,43.0,39.0,33.0,49.0,113.28865264617518,115.21466231483805,117.07825052067837,112.26510406142656,116.26129256428075,110.74918566775244,110.44021415823914,115.77031945006067,-2.972639918105571,4.465476647085609,6.638036362439223,-3.505215388634113
PHI,82,114.59237819585142,114.7317661241712,-0.13938792831977764,40.0,42.0,35.0,47.0,110.06927263730826,118.89411764705882,120.29353655094552,110.33901874078754,117.75908978481327,111.85324553151459,112.33108108108108,116.52962260172886,-7.6898171475050106,7.040872115544232,7.962455469864437,-6.190603860941323
PHX,82,114.2150191760485,112.85608124845182,1.3589379275966849,42.0,40.0,39.0,43.0,111.9676945668135,116.51238428821615,118.32120582120582,110.4840613931523,117.04211557296769,108.57142857142857,111.55347384855581,114.03923422358781,-5.074421006154182,7.940955716787585,6.767731972650012,-3.5551728304355095
POR,82,113.85114825057113,114.26336061627347,-0.4122123657023451,40.0,42.0,40.0,42.0,109.2478421701603,118.23087752229,118.6959743146456,109.25492033739457,115.7907722674562,112.80846063454759,113.91433523149294,114.59358163504334,-6.542930097295908,5.422416887742415,4.781639083152655,-5.33866129764877
SAC,82,110.55508320174906,120.28124621166202,-9.726163009912966,40.0,42.0,36.0,46.0,109.46450809464507,111.59317211948792,111.88637617209045,109.50727154330366,122.37136465324386,118.29152863227638,119.20639294571507,121.12554112554112,-12.90685655859879,-6.698356512788465,-7.320016773624616,-11.61826958223746
SAS,82,118.82936267988875,110.47354433438028,8.355818345508467,37.0,45.0,39.0,43.0,117.60922004824444,119.83252534156014,122.12411705348134,115.79558652729385,112.4396782841823,108.86103781882146,111.28463476070529,109.72609099350046,5.1695417640621315,10.971487522738684,10.839482292776054,6.069495533793386
TOR,82,114.95658554482084,112.10564930300808,2.850936241812761,41.0,41.0,34.0,48.0,110.8161746464897,118.98215147129763,117.57984178142398,113.07724601175482,114.32465923172244,109.94448467294231,110.14960398943971,113.50387921996226,-3.508484585232736,9.037666798355318,7.430237791984268,-0.4266332082074342
UTA,82,112.9701230228471,121.15136592801032,-8.181242905163217,40.0,42.0,36.0,46.0,110.5441354292624,115.25000000000001,116.25000000000001,110.38743455497382,124.06197046719922,118.4174624829468,118.03191489361701,123.6108198783812,-13.51783503793682,-3.167462482946789,-1.7819148936169995,-13.223385323407385
WAS,82,109.66595593461265,121.45652947455818,-11.790573539945527,40.0,42.0,31.0,51.0,108.94646785626986,110.34245001149161,110.01890359168243,109.45330296127563,126.08908467939305,117.10011507479862,115.1496062992126,125.26636225266363,-17.14261682312319,-6.757665063307016,-5.130702707530176,-15.813059291388
