season,team,wins,losses,avg points scored,avg points allowed,offensive rating,defensive rating
2000-01,Atlanta Hawks,25,57,91.0,96.2,96.9,102.4
2000-01,Boston Celtics,36,46,94.6,96.8,100.1,102.3
2000-01,Charlotte Hornets,46,36,91.9,89.8,99.7,97.6
2000-01,Chicago Bulls,15,67,87.6,96.7,95.9,105.9
2000-01,Cleveland Cavaliers,30,52,92.2,96.5,99.3,103.5
2000-01,Dallas Mavericks,53,29,100.5,96.2,105.6,101.2
2000-01,Denver Nuggets,40,42,96.6,99.0,102.2,104.9
2000-01,Detroit Pistons,32,50,95.6,97.3,98.5,100.3
2000-01,Golden State Warriors,17,65,92.5,101.5,96.3,105.5
2000-01,Houston Rockets,45,37,97.2,94.9,105.2,102.8
2000-01,Indiana Pacers,41,41,92.6,92.8,100.3,100.5
2000-01,Los Angeles Clippers,31,51,92.5,95.3,100.3,103.2
2000-01,Los Angeles Lakers,56,26,100.6,97.2,107.0,103.6
2000-01,Miami Heat,50,32,88.9,86.6,99.4,97.1
2000-01,Milwaukee Bucks,52,30,100.7,96.9,106.8,102.6
2000-01,Minnesota Timberwolves,47,35,97.3,96.0,103.9,102.4
2000-01,New Jersey Nets,26,56,92.1,97.1,98.4,103.8
2000-01,New York Knicks,48,34,88.7,86.1,100.0,97.0
2000-01,Orlando Magic,43,39,97.5,96.5,102.1,101.1
2000-01,Philadelphia 76ers,56,26,94.7,90.4,101.9,97.3
2000-01,Phoenix Suns,51,31,94.0,91.8,98.9,96.7
2000-01,Portland Trail Blazers,50,32,95.4,91.2,104.7,100.5
2000-01,Sacramento Kings,55,27,101.7,95.9,104.2,98.5
2000-01,San Antonio Spurs,58,24,96.2,88.4,105.0,96.6
2000-01,Seattle SuperSonics,44,38,97.3,97.3,104.4,104.2
2000-01,Toronto Raptors,47,35,97.6,95.4,104.4,102.0
2000-01,Utah Jazz,53,29,97.1,92.4,106.1,100.9
2000-01,Vancouver Grizzlies,23,59,91.7,97.5,98.2,104.2
2000-01,Washington Wizards,19,63,93.2,99.9,99.4,106.2
2001-02,Atlanta Hawks,33,49,94.0,98.3,100.4,104.8
2001-02,Boston Celtics,49,33,96.4,94.1,102.1,99.9
2001-02,Charlotte Hornets,44,38,93.9,92.9,102.9,101.8
2001-02,Chicago Bulls,21,61,89.5,98.0,97.2,106.2
2001-02,Cleveland Cavaliers,29,53,95.3,98.6,103.4,107.0
2001-02,Dallas Mavericks,57,25,105.2,101.0,110.3,106.0
2001-02,Denver Nuggets,27,55,92.2,98.0,100.3,106.6
2001-02,Detroit Pistons,50,32,94.3,92.2,103.2,100.9
2001-02,Golden State Warriors,21,61,97.7,103.1,101.5,107.1
2001-02,Houston Rockets,28,54,92.3,97.2,101.6,106.9
2001-02,Indiana Pacers,42,40,96.8,96.5,102.8,102.4
2001-02,Los Angeles Clippers,39,43,95.7,96.1,104.3,104.7
2001-02,Los Angeles Lakers,58,24,101.3,94.1,108.0,100.4
2001-02,Memphis Grizzlies,23,59,89.9,97.3,96.6,104.7
2001-02,Miami Heat,36,46,87.2,88.7,97.3,99.0
2001-02,Milwaukee Bucks,41,41,97.5,97.7,105.3,105.6
2001-02,Minnesota Timberwolves,50,32,99.3,96.0,107.5,104.1
2001-02,New Jersey Nets,52,30,96.2,92.0,102.4,98.1
2001-02,New York Knicks,30,52,91.6,95.6,100.4,104.6
2001-02,Orlando Magic,44,38,100.5,98.9,105.6,104.1
2001-02,Philadelphia 76ers,43,39,91.0,89.4,100.5,98.7
2001-02,Phoenix Suns,36,46,95.1,95.8,101.8,102.6
2001-02,Portland Trail Blazers,49,33,96.6,93.7,105.9,102.6
2001-02,Sacramento Kings,61,21,104.6,97.0,107.9,99.7
2001-02,San Antonio Spurs,58,24,96.7,90.5,105.4,98.5
2001-02,Seattle SuperSonics,45,37,97.7,94.7,107.3,104.1
2001-02,Toronto Raptors,42,40,91.4,91.8,101.1,101.7
2001-02,Utah Jazz,44,38,96.0,95.1,103.8,102.9
2001-02,Washington Wizards,37,45,92.8,94.2,102.9,104.5
2002-03,Atlanta Hawks,35,47,94.1,97.6,100.4,104.2
2002-03,Boston Celtics,44,38,92.7,93.1,100.0,100.5
2002-03,Chicago Bulls,30,52,95.0,100.1,99.1,104.2
2002-03,Cleveland Cavaliers,17,65,91.4,101.0,95.2,105.1
2002-03,Dallas Mavericks,60,22,103.0,95.2,109.3,101.0
2002-03,Denver Nuggets,17,65,84.2,92.4,91.2,100.1
2002-03,Detroit Pistons,50,32,91.4,87.7,102.4,98.2
2002-03,Golden State Warriors,38,44,102.4,103.6,106.4,107.7
2002-03,Houston Rockets,43,39,93.8,92.3,102.4,100.9
2002-03,Indiana Pacers,48,34,96.8,93.3,103.2,99.6
2002-03,Los Angeles Clippers,27,55,93.8,97.9,101.1,105.1
2002-03,Los Angeles Lakers,50,32,100.4,98.0,105.6,103.4
2002-03,Memphis Grizzlies,28,54,97.5,100.7,102.3,105.9
2002-03,Miami Heat,25,57,85.6,90.6,95.4,101.2
2002-03,Milwaukee Bucks,42,40,99.5,99.3,107.2,106.9
2002-03,Minnesota Timberwolves,51,31,98.1,96.0,104.8,102.5
2002-03,New Jersey Nets,49,33,95.4,90.1,102.1,96.6
2002-03,New Orleans Hornets,47,35,93.9,91.8,102.4,100.0
2002-03,New York Knicks,37,45,95.9,97.2,103.3,104.6
2002-03,Orlando Magic,42,40,98.5,98.4,103.7,103.7
2002-03,Philadelphia 76ers,48,34,96.8,94.5,103.2,100.6
2002-03,Phoenix Suns,44,38,95.5,94.4,102.6,101.3
2002-03,Portland Trail Blazers,50,32,95.2,92.5,104.2,101.5
2002-03,Sacramento Kings,59,23,101.7,95.2,104.4,97.8
2002-03,San Antonio Spurs,60,22,95.8,90.4,103.9,98.1
2002-03,Seattle SuperSonics,40,42,92.1,92.3,102.4,102.6
2002-03,Toronto Raptors,24,58,90.9,96.8,99.3,105.6
2002-03,Utah Jazz,47,35,94.7,92.3,103.7,101.1
2002-03,Washington Wizards,37,45,91.5,92.5,101.5,102.6
2003-04,Atlanta Hawks,28,54,92.8,97.5,99.1,103.9
2003-04,Boston Celtics,36,46,95.3,96.7,100.7,102.2
2003-04,Chicago Bulls,23,59,89.7,96.0,95.6,102.1
2003-04,Cleveland Cavaliers,35,47,92.9,95.5,100.6,103.1
2003-04,Dallas Mavericks,52,30,105.2,100.8,110.4,105.9
2003-04,Denver Nuggets,43,39,97.2,96.1,102.4,101.4
2003-04,Detroit Pistons,54,28,90.1,84.3,100.3,93.9
2003-04,Golden State Warriors,37,45,93.3,94.0,101.5,102.6
2003-04,Houston Rockets,45,37,89.8,88.0,99.7,97.8
2003-04,Indiana Pacers,61,21,91.4,85.6,102.5,96.2
2003-04,Los Angeles Clippers,28,54,94.8,99.4,101.9,106.6
2003-04,Los Angeles Lakers,56,26,98.2,94.3,104.2,100.1
2003-04,Memphis Grizzlies,50,32,96.7,94.3,103.4,100.8
2003-04,Miami Heat,42,40,90.3,89.7,100.6,100.3
2003-04,Milwaukee Bucks,41,41,98.0,97.0,104.6,103.5
2003-04,Minnesota Timberwolves,58,24,94.5,89.1,104.2,98.5
2003-04,New Jersey Nets,47,35,90.3,87.8,99.0,96.4
2003-04,New Orleans Hornets,41,41,91.8,91.9,100.7,100.6
2003-04,New York Knicks,39,43,92.0,93.5,99.7,101.3
2003-04,Orlando Magic,21,61,94.0,101.1,101.4,108.8
2003-04,Philadelphia 76ers,33,49,88.0,90.5,97.8,100.4
2003-04,Phoenix Suns,29,53,94.2,97.9,100.3,104.2
2003-04,Portland Trail Blazers,41,41,90.7,92.0,102.1,103.5
2003-04,Sacramento Kings,55,27,102.8,97.8,108.6,103.2
2003-04,San Antonio Spurs,57,25,91.5,84.3,101.0,93.1
2003-04,Seattle SuperSonics,37,45,97.1,97.8,105.6,106.4
2003-04,Toronto Raptors,33,49,85.4,88.5,95.3,98.8
2003-04,Utah Jazz,42,40,88.7,89.9,100.0,101.3
2003-04,Washington Wizards,25,57,91.8,97.4,97.1,102.9
2004-05,Atlanta Hawks,13,69,92.7,102.5,98.8,109.0
2004-05,Boston Celtics,45,37,101.3,100.4,105.9,105.1
2004-05,Charlotte Bobcats,18,64,94.3,100.2,99.8,106.0
2004-05,Chicago Bulls,47,35,94.5,93.4,100.5,99.1
2004-05,Cleveland Cavaliers,42,40,96.5,95.7,105.3,104.7
2004-05,Dallas Mavericks,58,24,102.5,96.8,108.5,102.6
2004-05,Denver Nuggets,49,33,99.5,97.5,104.7,102.6
2004-05,Detroit Pistons,54,28,93.3,89.5,103.9,99.6
2004-05,Golden State Warriors,34,48,98.7,100.9,103.4,105.5
2004-05,Houston Rockets,51,31,95.1,91.0,104.4,100.1
2004-05,Indiana Pacers,44,38,93.0,92.2,103.7,102.7
2004-05,Los Angeles Clippers,37,45,95.7,96.5,103.8,104.5
2004-05,Los Angeles Lakers,34,48,98.7,101.7,106.4,109.6
2004-05,Memphis Grizzlies,45,37,93.4,91.1,104.2,101.5
2004-05,Miami Heat,59,23,101.5,95.0,108.9,102.2
2004-05,Milwaukee Bucks,30,52,97.2,100.2,105.1,108.1
2004-05,Minnesota Timberwolves,44,38,96.8,95.3,106.6,105.0
2004-05,New Jersey Nets,42,40,91.4,92.9,99.9,101.6
2004-05,New Orleans Hornets,18,64,88.4,95.5,98.2,105.9
2004-05,New York Knicks,33,49,97.3,99.7,104.5,107.2
2004-05,Orlando Magic,36,46,99.5,101.8,103.4,105.7
2004-05,Philadelphia 76ers,43,39,99.1,99.9,101.8,102.5
2004-05,Phoenix Suns,62,20,110.4,103.3,112.7,105.7
2004-05,Portland Trail Blazers,27,55,92.9,96.9,101.9,106.1
2004-05,Sacramento Kings,50,32,103.7,101.6,108.8,106.5
2004-05,San Antonio Spurs,59,23,96.2,88.4,106.1,97.8
2004-05,Seattle SuperSonics,52,30,98.9,96.6,110.3,108.0
2004-05,Toronto Raptors,33,49,99.7,101.4,105.4,107.2
2004-05,Utah Jazz,26,56,93.0,97.3,102.9,107.3
2004-05,Washington Wizards,45,37,100.5,100.8,105.4,105.9
2005-06,Atlanta Hawks,26,56,97.2,102.0,104.8,110.1
2005-06,Boston Celtics,33,49,98.0,99.5,104.0,105.6
2005-06,Charlotte Bobcats,26,56,96.9,100.9,101.2,105.6
2005-06,Chicago Bulls,41,41,97.8,97.2,103.3,102.7
2005-06,Cleveland Cavaliers,50,32,97.6,95.4,106.6,104.4
2005-06,Dallas Mavericks,60,22,99.1,93.1,109.9,103.2
2005-06,Denver Nuggets,44,38,100.3,100.1,104.4,104.1
2005-06,Detroit Pistons,64,18,96.8,90.2,109.3,101.7
2005-06,Golden State Warriors,34,48,98.5,99.8,103.5,104.9
2005-06,Houston Rockets,34,48,90.1,91.7,100.4,102.1
2005-06,Indiana Pacers,41,41,93.9,92.0,103.1,101.0
2005-06,Los Angeles Clippers,47,35,97.2,95.6,103.8,102.2
2005-06,Los Angeles Lakers,45,37,99.4,96.9,106.8,104.2
2005-06,Memphis Grizzlies,49,33,92.2,88.5,104.5,100.4
2005-06,Miami Heat,52,30,99.9,96.0,107.5,103.4
2005-06,Milwaukee Bucks,40,42,97.8,98.8,104.9,105.9
2005-06,Minnesota Timberwolves,33,49,91.7,93.6,101.5,103.5
2005-06,New Jersey Nets,49,33,93.8,92.4,102.4,100.9
2005-06,New Orleans/Oklahoma City Hornets,38,44,92.8,95.6,102.3,105.1
2005-06,New York Knicks,23,59,95.6,102.0,102.7,109.3
2005-06,Orlando Magic,36,46,94.9,96.0,105.3,106.6
2005-06,Philadelphia 76ers,38,44,99.4,101.3,104.7,106.5
2005-06,Phoenix Suns,54,28,108.4,102.8,110.2,104.7
2005-06,Portland Trail Blazers,21,61,88.8,98.3,99.7,110.3
2005-06,Sacramento Kings,44,38,98.9,97.3,105.3,103.5
2005-06,San Antonio Spurs,63,19,95.6,88.8,106.2,98.7
2005-06,Seattle SuperSonics,35,47,102.6,105.6,109.4,112.7
2005-06,Toronto Raptors,27,55,101.1,104.0,107.9,111.2
2005-06,Utah Jazz,41,41,92.4,95.0,102.4,105.1
2005-06,Washington Wizards,42,40,101.7,99.8,107.7,105.8
2006-07,Atlanta Hawks,30,52,93.7,98.4,102.0,107.0
2006-07,Boston Celtics,24,58,95.8,99.2,102.3,105.8
2006-07,Charlotte Bobcats,33,49,96.9,100.6,102.4,106.3
2006-07,Chicago Bulls,49,33,98.8,93.8,104.0,98.8
2006-07,Cleveland Cavaliers,50,32,96.8,92.9,104.4,100.6
2006-07,Dallas Mavericks,67,15,100.0,92.8,109.7,102.1
2006-07,Denver Nuggets,45,37,105.4,103.7,106.7,105.1
2006-07,Detroit Pistons,53,29,96.0,91.8,107.4,102.6
2006-07,Golden State Warriors,42,40,106.5,106.9,106.2,106.5
2006-07,Houston Rockets,52,30,97.0,92.1,104.7,99.7
2006-07,Indiana Pacers,35,47,95.6,98.0,101.9,104.4
2006-07,Los Angeles Clippers,40,42,95.6,96.1,103.8,104.2
2006-07,Los Angeles Lakers,42,40,103.3,103.4,107.3,107.5
2006-07,Memphis Grizzlies,22,60,101.6,106.7,105.7,110.9
2006-07,Miami Heat,44,38,94.6,95.5,103.4,104.6
2006-07,Milwaukee Bucks,28,54,99.7,104.0,106.0,110.3
2006-07,Minnesota Timberwolves,32,50,96.1,99.7,102.4,106.5
2006-07,New Jersey Nets,41,41,97.6,98.3,104.2,105.1
2006-07,New Orleans/Oklahoma City Hornets,39,43,95.5,97.1,103.7,105.4
2006-07,New York Knicks,33,49,97.5,100.3,104.3,107.4
2006-07,Orlando Magic,40,42,94.8,94.0,104.1,103.3
2006-07,Philadelphia 76ers,35,47,94.9,98.0,102.4,105.6
2006-07,Phoenix Suns,61,21,110.2,102.9,112.9,105.5
2006-07,Portland Trail Blazers,32,50,94.1,98.4,103.8,108.6
2006-07,Sacramento Kings,33,49,101.3,103.1,105.1,106.7
2006-07,San Antonio Spurs,58,24,98.5,90.1,108.6,99.4
2006-07,Seattle SuperSonics,31,51,99.1,102.0,105.9,108.9
2006-07,Toronto Raptors,47,35,99.5,98.5,105.7,104.4
2006-07,Utah Jazz,51,31,101.5,98.6,108.6,105.6
2006-07,Washington Wizards,41,41,104.3,104.9,108.7,109.1
2007-08,Atlanta Hawks,37,45,98.2,100.0,105.5,107.3
2007-08,Boston Celtics,66,16,100.5,90.3,108.8,98.1
2007-08,Charlotte Bobcats,32,50,97.1,101.4,103.7,108.2
2007-08,Chicago Bulls,33,49,97.3,100.4,102.9,106.0
2007-08,Cleveland Cavaliers,45,37,96.4,96.7,104.8,105.4
2007-08,Dallas Mavericks,51,31,100.4,95.9,109.5,104.7
2007-08,Denver Nuggets,50,32,110.7,107.0,108.9,105.5
2007-08,Detroit Pistons,59,23,97.5,90.1,109.8,101.5
2007-08,Golden State Warriors,48,34,111.0,108.8,110.4,108.5
2007-08,Houston Rockets,55,27,96.7,92.0,105.4,100.5
2007-08,Indiana Pacers,36,46,104.0,105.4,105.1,106.3
2007-08,Los Angeles Clippers,23,59,93.8,101.1,99.9,107.4
2007-08,Los Angeles Lakers,57,25,108.6,101.3,111.7,104.3
2007-08,Memphis Grizzlies,22,60,100.7,106.9,103.9,110.2
2007-08,Miami Heat,15,67,91.4,100.0,99.4,108.8
2007-08,Milwaukee Bucks,26,56,97.0,103.9,103.9,111.1
2007-08,Minnesota Timberwolves,22,60,95.6,102.4,102.7,110.0
2007-08,New Jersey Nets,34,48,95.8,100.9,102.3,107.7
2007-08,New Orleans Hornets,56,26,100.9,95.6,110.0,104.4
2007-08,New York Knicks,23,59,96.9,103.5,103.5,110.4
2007-08,Orlando Magic,52,30,104.5,99.0,110.4,104.9
2007-08,Philadelphia 76ers,40,42,96.6,96.2,105.1,104.7
2007-08,Phoenix Suns,55,27,110.1,105.0,112.0,107.0
2007-08,Portland Trail Blazers,41,41,95.4,96.3,105.9,106.8
2007-08,Sacramento Kings,38,44,102.5,104.8,106.2,108.6
2007-08,San Antonio Spurs,56,26,95.4,90.6,106.0,100.7
2007-08,Seattle SuperSonics,20,62,97.5,106.3,99.6,108.3
2007-08,Toronto Raptors,41,41,100.2,97.3,108.9,105.6
2007-08,Utah Jazz,54,28,106.2,99.3,112.1,104.9
2007-08,Washington Wizards,43,39,98.8,99.2,107.6,107.9
2008-09,Atlanta Hawks,47,35,98.1,96.5,108.3,106.7
2008-09,Boston Celtics,62,20,100.9,93.4,109.5,101.6
2008-09,Charlotte Bobcats,35,47,93.6,94.9,103.7,105.0
2008-09,Chicago Bulls,41,41,102.2,102.5,107.2,107.5
2008-09,Cleveland Cavaliers,66,16,100.3,91.4,111.2,101.6
2008-09,Dallas Mavericks,50,32,101.7,99.8,109.0,107.0
2008-09,Denver Nuggets,54,28,104.3,100.9,109.0,105.6
2008-09,Detroit Pistons,39,43,94.2,94.7,105.8,106.4
2008-09,Golden State Warriors,29,53,108.6,112.3,108.0,111.7
2008-09,Houston Rockets,53,29,98.4,94.4,107.1,102.9
2008-09,Indiana Pacers,36,46,105.1,106.2,107.2,108.2
2008-09,Los Angeles Clippers,19,63,95.1,103.9,101.0,110.1
2008-09,Los Angeles Lakers,65,17,106.9,99.3,111.4,103.5
2008-09,Memphis Grizzlies,24,58,93.9,99.3,102.3,108.2
2008-09,Miami Heat,43,39,98.3,98.0,106.8,106.5
2008-09,Milwaukee Bucks,34,48,99.3,100.4,105.2,106.3
2008-09,Minnesota Timberwolves,24,58,97.8,102.7,104.9,109.9
2008-09,New Jersey Nets,34,48,98.1,100.5,106.8,109.5
2008-09,New Orleans Hornets,49,33,95.8,94.3,107.6,105.8
2008-09,New York Knicks,32,50,105.2,107.8,107.0,109.4
2008-09,Oklahoma City Thunder,23,59,97.0,103.1,101.4,107.6
2008-09,Orlando Magic,59,23,101.0,94.4,108.3,101.3
2008-09,Philadelphia 76ers,41,41,97.4,97.3,106.3,106.1
2008-09,Phoenix Suns,46,36,109.4,107.5,112.4,110.4
2008-09,Portland Trail Blazers,54,28,99.4,94.1,112.1,106.1
2008-09,Sacramento Kings,17,65,100.6,109.3,104.4,113.4
2008-09,San Antonio Spurs,54,28,97.0,93.3,107.6,103.4
2008-09,Toronto Raptors,33,49,99.0,101.9,105.5,108.6
2008-09,Utah Jazz,48,34,103.6,100.9,108.5,105.8
2008-09,Washington Wizards,19,63,96.1,103.5,104.0,112.1
2009-10,Atlanta Hawks,53,29,101.7,97.0,111.0,106.0
2009-10,Boston Celtics,50,32,99.2,95.6,106.9,103.2
2009-10,Charlotte Bobcats,44,38,95.3,93.8,103.9,102.0
2009-10,Chicago Bulls,41,41,97.5,99.1,102.6,104.2
2009-10,Cleveland Cavaliers,61,21,102.1,95.6,110.6,103.8
2009-10,Dallas Mavericks,55,27,102.0,99.3,107.8,105.0
2009-10,Denver Nuggets,53,29,106.5,102.4,110.8,106.5
2009-10,Detroit Pistons,27,55,94.0,99.1,104.5,110.3
2009-10,Golden State Warriors,26,56,108.8,112.4,107.0,110.3
2009-10,Houston Rockets,42,40,102.4,102.7,106.8,106.8
2009-10,Indiana Pacers,32,50,100.8,103.8,103.0,106.0
2009-10,Los Angeles Clippers,29,53,95.7,102.1,102.3,109.1
2009-10,Los Angeles Lakers,57,25,101.7,97.0,107.6,102.7
2009-10,Memphis Grizzlies,40,42,102.5,104.0,107.5,109.0
2009-10,Miami Heat,47,35,96.5,94.2,105.7,103.4
2009-10,Milwaukee Bucks,46,36,97.7,96.0,104.0,101.9
2009-10,Minnesota Timberwolves,15,67,98.2,107.8,100.6,110.4
2009-10,New Jersey Nets,12,70,92.4,101.5,99.3,108.9
2009-10,New Orleans Hornets,37,45,100.2,102.7,106.5,108.9
2009-10,New York Knicks,29,53,102.1,105.9,106.4,110.3
2009-10,Oklahoma City Thunder,50,32,101.5,98.0,107.0,103.5
2009-10,Orlando Magic,59,23,102.8,95.3,110.7,102.8
2009-10,Philadelphia 76ers,27,55,97.7,101.6,104.8,108.9
2009-10,Phoenix Suns,54,28,110.2,105.3,113.9,109.1
2009-10,Portland Trail Blazers,50,32,98.1,94.8,109.6,106.1
2009-10,Sacramento Kings,25,57,100.0,104.4,104.4,109.1
2009-10,San Antonio Spurs,50,32,101.4,96.3,109.3,103.9
2009-10,Toronto Raptors,40,42,104.1,105.9,110.2,112.2
2009-10,Utah Jazz,53,29,104.2,98.9,109.7,104.0
2009-10,Washington Wizards,26,56,96.2,101.0,103.1,108.3
2010-11,Atlanta Hawks,44,38,95.0,95.8,105.1,105.8
2010-11,Boston Celtics,56,26,96.5,91.1,105.5,99.8
2010-11,Charlotte Bobcats,34,48,93.3,97.3,102.8,107.0
2010-11,Chicago Bulls,62,20,98.6,91.3,107.2,99.5
2010-11,Cleveland Cavaliers,19,63,95.5,104.5,101.5,110.9
2010-11,Dallas Mavericks,57,25,100.2,96.0,108.4,104.1
2010-11,Denver Nuggets,50,32,107.5,102.7,111.7,106.8
2010-11,Detroit Pistons,30,52,97.0,100.6,107.0,110.7
2010-11,Golden State Warriors,36,46,103.4,105.7,107.1,109.4
2010-11,Houston Rockets,43,39,105.9,103.7,110.2,107.9
2010-11,Indiana Pacers,37,45,99.8,100.9,104.1,105.0
2010-11,Los Angeles Clippers,32,50,98.6,101.8,104.8,108.0
2010-11,Los Angeles Lakers,57,25,101.5,95.4,109.6,103.3
2010-11,Memphis Grizzlies,46,36,99.9,97.6,107.0,104.5
2010-11,Miami Heat,58,24,102.1,94.6,110.6,102.9
2010-11,Milwaukee Bucks,35,47,91.9,92.7,100.8,101.5
2010-11,Minnesota Timberwolves,17,65,101.1,107.7,103.2,109.9
2010-11,New Jersey Nets,24,58,94.2,100.4,102.1,108.9
2010-11,New Orleans Hornets,46,36,94.9,94.0,105.4,104.4
2010-11,New York Knicks,42,40,106.5,105.7,109.9,109.0
2010-11,Oklahoma City Thunder,55,27,104.8,101.0,109.9,105.9
2010-11,Orlando Magic,52,30,99.2,93.7,107.4,101.8
2010-11,Philadelphia 76ers,41,41,99.0,97.5,105.3,103.8
2010-11,Phoenix Suns,40,42,105.0,105.9,108.6,109.4
2010-11,Portland Trail Blazers,48,34,96.3,94.8,107.3,105.7
2010-11,Sacramento Kings,24,58,99.4,104.7,102.9,108.4
2010-11,San Antonio Spurs,61,21,103.7,98.0,110.5,104.4
2010-11,Toronto Raptors,22,60,99.1,105.4,105.2,111.7
2010-11,Utah Jazz,39,43,99.4,101.3,107.0,108.8
2010-11,Washington Wizards,23,59,97.3,104.7,101.3,109.1
2011-12,Atlanta Hawks,40,26,96.6,93.2,104.2,100.4
2011-12,Boston Celtics,39,27,91.8,89.3,100.1,97.5
2011-12,Charlotte Bobcats,7,59,87.0,100.9,94.4,109.4
2011-12,Chicago Bulls,50,16,96.3,88.2,106.3,97.5
2011-12,Cleveland Cavaliers,21,45,93.0,100.2,100.0,107.6
2011-12,Dallas Mavericks,36,30,95.8,94.8,102.1,100.9
2011-12,Denver Nuggets,38,28,104.1,101.2,108.3,105.1
2011-12,Detroit Pistons,25,41,90.9,95.7,100.0,105.0
2011-12,Golden State Warriors,23,43,97.8,101.2,103.9,107.3
2011-12,Houston Rockets,34,32,98.1,97.9,104.2,104.0
2011-12,Indiana Pacers,42,24,97.7,94.4,105.5,102.1
2011-12,Los Angeles Clippers,40,26,97.5,95.0,107.5,104.8
2011-12,Los Angeles Lakers,41,25,97.3,95.9,104.5,103.2
2011-12,Memphis Grizzlies,41,25,95.0,93.0,102.8,100.6
2011-12,Miami Heat,46,20,98.5,92.5,105.6,99.2
2011-12,Milwaukee Bucks,31,35,99.0,98.7,104.5,104.1
2011-12,Minnesota Timberwolves,26,40,97.9,100.1,103.1,105.3
2011-12,New Jersey Nets,22,44,93.1,99.1,101.8,108.1
2011-12,New Orleans Hornets,21,45,89.6,93.4,99.9,103.9
2011-12,New York Knicks,36,30,97.8,94.7,103.5,100.2
2011-12,Oklahoma City Thunder,47,19,103.1,96.9,108.4,102.1
2011-12,Orlando Magic,37,29,94.2,93.4,104.0,103.4
2011-12,Philadelphia 76ers,35,31,93.6,89.4,102.7,98.2
2011-12,Phoenix Suns,33,33,98.4,98.6,105.2,105.2
2011-12,Portland Trail Blazers,28,38,97.2,97.8,104.4,105.3
2011-12,Sacramento Kings,22,44,98.8,104.4,102.9,108.7
2011-12,San Antonio Spurs,50,16,103.7,96.5,110.0,102.3
2011-12,Toronto Raptors,23,43,90.7,94.0,99.6,103.6
2011-12,Utah Jazz,36,30,99.7,99.0,105.5,104.9
2011-12,Washington Wizards,20,46,93.6,98.4,100.0,104.9
2012-13,Atlanta Hawks,44,38,98.0,97.5,103.7,103.4
2012-13,Boston Celtics,41,40,96.5,96.7,102.2,102.6
2012-13,Brooklyn Nets,49,33,96.9,95.1,106.9,104.8
2012-13,Charlotte Bobcats,21,61,93.4,102.7,100.4,110.3
2012-13,Chicago Bulls,45,37,93.2,92.9,102.4,101.9
2012-13,Cleveland Cavaliers,24,58,96.5,101.2,103.2,108.2
2012-13,Dallas Mavericks,41,41,101.1,101.7,104.7,105.4
2012-13,Denver Nuggets,57,25,106.1,101.1,109.3,104.2
2012-13,Detroit Pistons,29,53,94.9,98.8,102.7,107.2
2012-13,Golden State Warriors,47,35,101.2,100.3,105.1,104.2
2012-13,Houston Rockets,45,37,106.0,102.5,108.8,105.3
2012-13,Indiana Pacers,49,32,94.7,90.7,103.4,99.0
2012-13,Los Angeles Clippers,56,26,101.1,94.6,109.8,102.8
2012-13,Los Angeles Lakers,45,37,102.2,101.0,107.0,105.9
2012-13,Memphis Grizzlies,56,26,93.4,89.3,103.6,99.1
2012-13,Miami Heat,66,16,102.9,95.0,111.4,103.2
2012-13,Milwaukee Bucks,38,44,98.9,100.4,102.5,104.2
2012-13,Minnesota Timberwolves,31,51,95.7,98.1,101.8,104.0
2012-13,New Orleans Hornets,27,55,94.1,97.9,104.5,108.9
2012-13,New York Knicks,54,28,100.0,95.7,109.8,105.4
2012-13,Oklahoma City Thunder,60,22,105.7,96.5,111.0,101.2
2012-13,Orlando Magic,20,62,94.1,101.1,100.9,108.4
2012-13,Philadelphia 76ers,34,48,93.2,96.5,101.0,104.7
2012-13,Phoenix Suns,25,57,95.2,101.6,100.2,106.9
2012-13,Portland Trail Blazers,33,49,97.5,100.7,104.5,107.9
2012-13,Sacramento Kings,28,54,100.2,105.1,105.3,110.0
2012-13,San Antonio Spurs,58,24,103.0,96.6,107.0,100.3
2012-13,Toronto Raptors,34,48,97.2,98.7,105.0,106.4
2012-13,Utah Jazz,43,39,98.0,98.1,105.4,105.6
2012-13,Washington Wizards,29,53,93.2,95.8,99.3,101.6
2013-14,Atlanta Hawks,38,44,101.0,101.5,104.9,105.7
2013-14,Boston Celtics,25,57,96.2,100.7,101.9,106.5
2013-14,Brooklyn Nets,44,38,98.5,99.5,105.4,106.7
2013-14,Charlotte Bobcats,43,39,96.9,97.1,103.0,103.3
2013-14,Chicago Bulls,48,34,93.7,91.8,101.7,99.9
2013-14,Cleveland Cavaliers,33,49,98.2,101.5,103.5,107.0
2013-14,Dallas Mavericks,49,33,104.8,102.4,109.5,107.2
2013-14,Denver Nuggets,36,46,104.4,106.5,105.1,107.3
2013-14,Detroit Pistons,29,53,101.0,104.7,105.2,109.0
2013-14,Golden State Warriors,51,31,104.3,99.5,106.3,101.4
2013-14,Houston Rockets,54,28,107.7,103.1,109.8,105.2
2013-14,Indiana Pacers,56,26,96.7,92.3,103.6,98.9
2013-14,Los Angeles Clippers,57,25,107.9,101.0,111.3,104.0
2013-14,Los Angeles Lakers,27,55,103.0,109.2,103.2,109.3
2013-14,Memphis Grizzlies,50,32,96.1,94.6,105.5,103.8
2013-14,Miami Heat,54,28,102.2,97.4,110.0,105.0
2013-14,Milwaukee Bucks,15,67,95.5,103.7,101.9,110.2
2013-14,Minnesota Timberwolves,40,42,106.9,104.3,107.7,105.2
2013-14,New Orleans Pelicans,34,48,99.7,102.4,106.2,109.1
2013-14,New York Knicks,37,45,98.6,99.4,107.0,108.1
2013-14,Oklahoma City Thunder,59,23,106.2,99.8,109.4,103.0
2013-14,Orlando Magic,23,59,96.5,102.0,101.0,106.6
2013-14,Philadelphia 76ers,19,63,99.5,109.9,99.0,109.0
2013-14,Phoenix Suns,48,34,105.2,102.6,108.2,105.6
2013-14,Portland Trail Blazers,54,28,106.7,102.8,110.4,106.2
2013-14,Sacramento Kings,28,54,100.5,103.4,105.1,107.8
2013-14,San Antonio Spurs,62,20,105.4,97.6,109.5,101.4
2013-14,Toronto Raptors,48,34,101.3,98.0,107.9,104.6
2013-14,Utah Jazz,25,57,95.0,102.2,102.4,110.1
2013-14,Washington Wizards,44,38,100.7,99.4,104.9,103.6
2014-15,Atlanta Hawks,60,22,102.5,97.1,108.2,102.3
2014-15,Boston Celtics,40,42,101.4,101.2,103.8,103.5
2014-15,Brooklyn Nets,38,44,98.0,100.9,103.4,106.3
2014-15,Charlotte Hornets,33,49,94.2,97.3,99.6,103.0
2014-15,Chicago Bulls,50,32,100.8,97.8,106.3,103.3
2014-15,Cleveland Cavaliers,53,29,103.1,98.7,110.1,105.3
2014-15,Dallas Mavericks,50,32,105.2,102.3,108.2,104.9
2014-15,Denver Nuggets,30,52,101.5,105.0,103.9,107.1
2014-15,Detroit Pistons,32,50,98.5,99.5,104.3,105.4
2014-15,Golden State Warriors,67,15,110.0,99.9,110.4,100.4
2014-15,Houston Rockets,56,26,103.9,100.5,106.0,102.6
2014-15,Indiana Pacers,38,44,97.3,97.0,102.9,102.7
2014-15,Los Angeles Clippers,56,26,106.7,100.1,111.6,104.7
2014-15,Los Angeles Lakers,21,61,98.5,105.3,102.3,109.4
2014-15,Memphis Grizzlies,55,27,98.3,95.1,104.8,101.2
2014-15,Miami Heat,37,45,94.7,97.3,103.2,106.1
2014-15,Milwaukee Bucks,41,41,97.8,97.4,102.0,101.4
2014-15,Minnesota Timberwolves,16,66,97.8,106.5,101.8,110.9
2014-15,New Orleans Pelicans,45,37,99.4,98.6,107.1,106.3
2014-15,New York Knicks,17,65,91.9,101.2,98.9,109.0
2014-15,Oklahoma City Thunder,45,37,104.0,101.8,106.7,104.6
2014-15,Orlando Magic,25,57,95.7,101.4,101.0,106.8
2014-15,Philadelphia 76ers,18,64,92.0,101.0,94.9,103.9
2014-15,Phoenix Suns,39,43,102.4,103.3,104.2,105.3
2014-15,Portland Trail Blazers,51,31,102.8,98.6,107.1,102.8
2014-15,Sacramento Kings,29,53,101.3,105.0,104.5,108.2
2014-15,San Antonio Spurs,55,27,103.2,97.0,107.6,101.4
2014-15,Toronto Raptors,49,33,104.0,100.9,110.2,107.1
2014-15,Utah Jazz,38,44,95.1,94.9,104.2,104.1
2014-15,Washington Wizards,46,36,98.5,97.8,103.0,102.4
2015-16,Atlanta Hawks,48,34,102.8,99.2,104.6,100.8
2015-16,Boston Celtics,48,34,105.7,102.5,105.8,102.5
2015-16,Brooklyn Nets,21,61,98.6,106.0,102.4,109.7
2015-16,Charlotte Hornets,48,34,103.4,100.7,106.4,103.7
2015-16,Chicago Bulls,42,40,101.6,103.1,104.1,105.5
2015-16,Cleveland Cavaliers,57,25,104.3,98.3,110.2,103.9
2015-16,Dallas Mavericks,42,40,102.3,102.6,105.5,105.9
2015-16,Denver Nuggets,33,49,101.9,105.0,104.9,108.2
2015-16,Detroit Pistons,44,38,102.0,101.4,105.3,104.9
2015-16,Golden State Warriors,73,9,114.9,104.1,113.5,102.8
2015-16,Houston Rockets,41,41,106.5,106.4,107.3,107.3
2015-16,Indiana Pacers,45,37,102.2,100.5,103.8,102.2
2015-16,LA Clippers,53,29,104.5,100.2,107.2,102.7
2015-16,Los Angeles Lakers,17,65,97.3,106.9,100.7,110.3
2015-16,Memphis Grizzlies,42,40,99.1,101.3,104.7,107.1
2015-16,Miami Heat,48,34,100.0,98.4,105.5,103.7
2015-16,Milwaukee Bucks,33,49,99.0,103.2,103.4,107.8
2015-16,Minnesota Timberwolves,29,53,102.4,106.0,105.4,109.0
2015-16,New Orleans Pelicans,30,52,102.7,106.5,104.8,108.4
2015-16,New York Knicks,32,50,98.4,101.1,103.9,106.7
2015-16,Oklahoma City Thunder,55,27,110.2,102.9,112.1,104.8
2015-16,Orlando Magic,35,47,102.1,103.7,104.4,106.0
2015-16,Philadelphia 76ers,10,72,97.4,107.6,98.4,108.6
2015-16,Phoenix Suns,23,59,100.9,107.5,101.5,107.9
2015-16,Portland Trail Blazers,44,38,105.1,104.3,107.6,106.8
2015-16,Sacramento Kings,33,49,106.6,109.1,105.3,107.6
2015-16,San Antonio Spurs,67,15,103.5,92.9,109.3,98.2
2015-16,Toronto Raptors,56,26,102.7,98.2,109.3,104.8
2015-16,Utah Jazz,40,42,97.7,95.9,105.0,103.2
2015-16,Washington Wizards,41,41,104.1,104.6,104.5,105.1
2016-17,Atlanta Hawks,43,39,103.2,104.0,104.5,105.2
2016-17,Boston Celtics,53,29,108.0,105.4,110.6,108.0
2016-17,Brooklyn Nets,20,62,105.8,112.5,103.6,110.1
2016-17,Charlotte Hornets,36,46,104.9,104.7,108.4,108.4
2016-17,Chicago Bulls,41,41,102.9,102.4,106.5,106.2
2016-17,Cleveland Cavaliers,51,31,110.3,107.2,112.8,109.7
2016-17,Dallas Mavericks,33,49,97.9,100.8,104.7,107.7
2016-17,Denver Nuggets,40,42,111.7,111.2,112.2,111.7
2016-17,Detroit Pistons,37,45,101.3,102.5,105.3,106.7
2016-17,Golden State Warriors,67,15,115.9,104.3,114.8,103.4
2016-17,Houston Rockets,55,27,115.3,109.6,114.1,108.4
2016-17,Indiana Pacers,42,40,105.1,105.3,107.9,108.1
2016-17,LA Clippers,51,31,108.7,104.4,111.8,107.5
2016-17,Los Angeles Lakers,26,56,104.6,111.5,105.3,112.0
2016-17,Memphis Grizzlies,43,39,100.5,100.0,107.0,106.5
2016-17,Miami Heat,41,41,103.2,102.1,107.4,106.4
2016-17,Milwaukee Bucks,42,40,103.6,103.8,108.5,108.7
2016-17,Minnesota Timberwolves,31,51,105.6,106.7,110.0,110.9
2016-17,New Orleans Pelicans,34,48,104.3,106.4,104.7,106.8
2016-17,New York Knicks,31,51,104.3,108.0,107.1,110.7
2016-17,Oklahoma City Thunder,47,35,106.6,105.8,107.9,107.1
2016-17,Orlando Magic,29,53,101.1,107.6,103.7,110.3
2016-17,Philadelphia 76ers,28,54,102.4,108.1,102.7,108.2
2016-17,Phoenix Suns,24,58,107.7,113.3,106.1,111.3
2016-17,Portland Trail Blazers,41,41,107.9,108.5,109.4,110.0
2016-17,Sacramento Kings,32,50,102.8,106.7,106.6,110.8
2016-17,San Antonio Spurs,61,21,105.3,98.1,110.3,102.9
2016-17,Toronto Raptors,51,31,106.9,102.6,111.4,107.1
2016-17,Utah Jazz,51,31,100.7,96.8,109.0,104.7
2016-17,Washington Wizards,49,33,109.2,107.4,110.4,108.8
2017-18,Atlanta Hawks,24,58,103.4,108.8,104.4,110.1
2017-18,Boston Celtics,55,27,104.0,100.4,106.8,103.2
2017-18,Brooklyn Nets,28,54,106.6,110.3,106.1,109.7
2017-18,Charlotte Hornets,36,46,108.2,108.0,109.0,109.0
2017-18,Chicago Bulls,27,55,102.9,110.0,103.4,110.5
2017-18,Cleveland Cavaliers,50,32,110.9,109.9,112.0,111.1
2017-18,Dallas Mavericks,24,58,102.3,105.4,105.4,108.4
2017-18,Denver Nuggets,46,36,110.0,108.5,111.4,110.0
2017-18,Detroit Pistons,39,43,103.8,103.9,106.6,106.7
2017-18,Golden State Warriors,58,24,113.5,107.5,112.8,106.8
2017-18,Houston Rockets,65,17,112.4,103.9,114.1,105.7
2017-18,Indiana Pacers,48,34,105.6,104.2,108.5,107.3
2017-18,LA Clippers,42,40,109.0,109.0,109.4,109.2
2017-18,Los Angeles Lakers,35,47,108.1,109.6,106.0,107.3
2017-18,Memphis Grizzlies,22,60,99.3,105.5,103.6,110.4
2017-18,Miami Heat,44,38,103.4,102.9,106.2,105.8
2017-18,Milwaukee Bucks,44,38,106.5,106.8,109.0,109.1
2017-18,Minnesota Timberwolves,47,35,109.5,107.3,112.5,110.2
2017-18,New Orleans Pelicans,48,34,111.7,110.4,108.5,107.4
2017-18,New York Knicks,29,53,104.5,108.0,106.3,109.7
2017-18,Oklahoma City Thunder,48,34,107.9,104.4,110.1,106.4
2017-18,Orlando Magic,25,57,103.4,108.2,104.7,109.4
2017-18,Philadelphia 76ers,52,30,109.8,105.3,108.5,103.9
2017-18,Phoenix Suns,21,61,103.9,113.3,102.8,111.7
2017-18,Portland Trail Blazers,49,33,105.6,103.0,108.4,105.7
2017-18,Sacramento Kings,27,55,98.8,105.8,103.1,110.4
2017-18,San Antonio Spurs,47,35,102.7,99.8,107.1,104.1
2017-18,Toronto Raptors,59,23,111.7,103.9,113.0,105.3
2017-18,Utah Jazz,48,34,104.1,99.8,107.4,103.0
2017-18,Washington Wizards,43,39,106.6,106.0,108.1,107.7
2018-19,Atlanta Hawks,29,53,113.3,119.4,107.5,113.1
2018-19,Boston Celtics,49,33,112.4,108.0,111.3,107.0
2018-19,Brooklyn Nets,42,40,112.2,112.3,108.9,109.0
2018-19,Charlotte Hornets,39,43,110.7,111.8,110.7,112.0
2018-19,Chicago Bulls,22,60,104.9,113.4,104.5,112.8
2018-19,Cleveland Cavaliers,19,63,104.5,114.1,106.8,116.8
2018-19,Dallas Mavericks,33,49,108.9,110.1,108.7,110.1
2018-19,Denver Nuggets,54,28,110.7,106.7,112.1,108.1
2018-19,Detroit Pistons,41,41,107.0,107.3,108.4,108.7
2018-19,Golden State Warriors,57,25,117.7,111.2,115.0,108.6
2018-19,Houston Rockets,53,29,113.9,109.1,114.9,110.1
2018-19,Indiana Pacers,48,34,108.0,104.7,109.4,106.0
2018-19,LA Clippers,48,34,115.1,114.3,111.4,110.4
2018-19,Los Angeles Lakers,37,45,111.8,113.5,107.4,108.9
2018-19,Memphis Grizzlies,33,49,103.5,106.1,105.6,108.0
2018-19,Miami Heat,39,43,105.7,105.9,106.7,107.1
2018-19,Milwaukee Bucks,60,22,118.1,109.3,113.5,104.9
2018-19,Minnesota Timberwolves,36,46,112.5,114.0,110.6,112.2
2018-19,New Orleans Pelicans,33,49,115.4,116.8,110.7,112.0
2018-19,New York Knicks,17,65,104.6,113.8,104.0,112.9
2018-19,Oklahoma City Thunder,49,33,114.5,111.1,109.8,106.5
2018-19,Orlando Magic,42,40,107.3,106.6,108.2,107.6
2018-19,Philadelphia 76ers,51,31,115.2,112.5,111.6,109.0
2018-19,Phoenix Suns,19,63,107.5,116.8,105.3,114.2
2018-19,Portland Trail Blazers,53,29,114.7,110.5,113.7,109.5
2018-19,Sacramento Kings,39,43,114.2,115.3,109.6,110.8
2018-19,San Antonio Spurs,48,34,111.7,110.0,112.2,110.6
2018-19,Toronto Raptors,58,24,114.4,108.4,112.6,106.8
2018-19,Utah Jazz,50,32,111.7,106.5,110.3,105.3
2018-19,Washington Wizards,32,50,114.0,116.9,110.2,112.9
2019-20,Atlanta Hawks,20,47,111.8,119.7,107.0,114.4
2019-20,Boston Celtics,48,24,113.7,107.3,112.8,106.5
2019-20,Brooklyn Nets,35,37,111.8,112.3,108.7,109.2
2019-20,Charlotte Hornets,23,42,102.9,109.6,105.9,112.8
2019-20,Chicago Bulls,22,43,106.8,109.9,105.8,108.9
2019-20,Cleveland Cavaliers,19,46,106.9,114.8,106.9,114.8
2019-20,Dallas Mavericks,43,32,117.0,112.1,115.9,111.2
2019-20,Denver Nuggets,46,27,111.3,109.2,112.6,110.4
2019-20,Detroit Pistons,20,46,107.2,110.8,108.8,112.3
2019-20,Golden State Warriors,15,50,106.3,115.0,104.4,113.0
2019-20,Houston Rockets,44,28,117.8,114.8,112.5,109.8
2019-20,Indiana Pacers,45,28,109.4,107.5,109.5,107.5
2019-20,LA Clippers,49,23,116.3,109.9,113.3,106.9
2019-20,Los Angeles Lakers,52,19,113.4,107.6,111.7,106.1
2019-20,Memphis Grizzlies,34,39,112.6,113.7,108.7,109.7
2019-20,Miami Heat,44,29,112.0,109.1,111.9,109.3
2019-20,Milwaukee Bucks,56,17,118.7,108.6,111.9,102.5
2019-20,Minnesota Timberwolves,19,45,113.2,117.5,107.6,111.6
2019-20,New Orleans Pelicans,30,42,115.8,117.1,110.5,111.8
2019-20,New York Knicks,21,45,105.8,112.3,105.9,112.4
2019-20,Oklahoma City Thunder,44,28,110.4,108.4,110.1,108.1
2019-20,Orlando Magic,33,40,107.3,108.3,107.9,109.2
2019-20,Philadelphia 76ers,43,30,110.7,108.4,110.7,108.4
2019-20,Phoenix Suns,34,39,113.6,113.4,111.3,110.8
2019-20,Portland Trail Blazers,35,39,115.0,116.1,113.2,114.3
2019-20,Sacramento Kings,31,41,110.1,112.1,109.5,111.4
2019-20,San Antonio Spurs,32,39,114.1,115.2,111.7,112.6
2019-20,Toronto Raptors,53,19,112.8,106.5,110.8,104.7
2019-20,Utah Jazz,44,28,111.3,108.8,111.8,109.3
2019-20,Washington Wizards,25,47,114.4,119.1,110.2,114.7
2020-21,Atlanta Hawks,41,31,113.7,111.4,114.3,112.1
2020-21,Boston Celtics,36,36,112.6,111.2,113.1,111.8
2020-21,Brooklyn Nets,48,24,118.6,114.1,117.3,113.1
2020-21,Charlotte Hornets,33,39,109.5,111.4,110.1,112.0
2020-21,Chicago Bulls,31,41,110.7,111.6,110.4,111.5
2020-21,Cleveland Cavaliers,22,50,103.8,112.3,105.2,113.5
2020-21,Dallas Mavericks,42,30,112.4,110.2,114.6,112.3
2020-21,Denver Nuggets,47,25,115.1,110.1,116.3,111.5
2020-21,Detroit Pistons,20,52,106.6,111.1,107.6,112.2
2020-21,Golden State Warriors,39,33,113.7,112.7,110.5,109.4
2020-21,Houston Rockets,17,55,108.8,116.7,107.0,114.4
2020-21,Indiana Pacers,34,38,115.3,115.3,111.9,111.9
2020-21,LA Clippers,47,25,114.0,107.8,116.7,110.6
2020-21,Los Angeles Lakers,42,30,109.5,106.8,109.8,106.8
2020-21,Memphis Grizzlies,38,34,113.3,112.3,111.7,110.5
2020-21,Miami Heat,40,32,108.1,108.0,110.6,110.7
2020-21,Milwaukee Bucks,46,26,120.1,114.2,116.5,110.7
2020-21,Minnesota Timberwolves,23,49,112.1,117.7,109.3,114.5
2020-21,New Orleans Pelicans,31,41,114.6,114.9,113.0,113.3
2020-21,New York Knicks,41,31,107.0,104.7,110.2,107.8
2020-21,Oklahoma City Thunder,22,50,105.0,115.6,102.8,113.4
2020-21,Orlando Magic,21,51,104.0,113.3,104.6,113.9
2020-21,Philadelphia 76ers,49,23,113.6,108.1,112.5,107.0
2020-21,Phoenix Suns,51,21,115.3,109.5,116.3,110.4
2020-21,Portland Trail Blazers,42,30,116.1,114.3,117.1,115.3
2020-21,Sacramento Kings,31,41,113.7,117.4,112.7,116.5
2020-21,San Antonio Spurs,33,39,111.1,112.8,110.5,112.0
2020-21,Toronto Raptors,27,45,111.3,111.7,111.6,112.0
2020-21,Utah Jazz,52,20,116.4,107.2,116.5,107.5
2020-21,Washington Wizards,34,38,116.6,118.5,110.7,112.3
2021-22,Atlanta Hawks,43,39,113.9,112.4,115.4,113.7
2021-22,Boston Celtics,51,31,111.8,104.5,113.6,106.2
2021-22,Brooklyn Nets,44,38,112.9,112.1,113.2,112.3
2021-22,Charlotte Hornets,43,39,115.3,114.9,113.6,113.1
2021-22,Chicago Bulls,46,36,111.6,112.0,112.7,113.2
2021-22,Cleveland Cavaliers,44,38,107.8,105.7,111.0,108.9
2021-22,Dallas Mavericks,52,30,108.0,104.7,112.5,109.1
2021-22,Denver Nuggets,48,34,112.7,110.4,113.8,111.5
2021-22,Detroit Pistons,23,59,104.8,112.5,105.6,113.3
2021-22,Golden State Warriors,53,29,111.0,105.5,112.1,106.6
2021-22,Houston Rockets,20,62,109.7,118.2,108.1,116.4
2021-22,Indiana Pacers,25,57,111.5,114.9,111.9,115.5
2021-22,LA Clippers,42,40,108.4,108.4,109.5,109.5
2021-22,Los Angeles Lakers,33,49,112.1,115.1,110.0,112.8
2021-22,Memphis Grizzlies,56,26,115.6,109.9,114.3,108.9
2021-22,Miami Heat,53,29,110.0,105.6,113.0,108.4
2021-22,Milwaukee Bucks,51,31,115.5,112.1,114.3,111.1
2021-22,Minnesota Timberwolves,46,36,115.9,113.3,113.8,111.0
2021-22,New Orleans Pelicans,36,46,109.3,110.3,111.2,112.0
2021-22,New York Knicks,37,45,106.5,106.6,109.7,110.2
2021-22,Oklahoma City Thunder,24,58,103.7,111.8,103.8,111.7
2021-22,Orlando Magic,22,60,104.2,112.2,103.9,112.1
2021-22,Philadelphia 76ers,51,31,109.9,107.3,113.0,110.2
2021-22,Phoenix Suns,64,18,114.8,107.3,114.2,106.8
2021-22,Portland Trail Blazers,27,55,106.2,115.1,107.3,116.3
2021-22,Sacramento Kings,30,52,110.3,115.8,109.6,114.8
2021-22,San Antonio Spurs,34,48,113.2,113.0,111.9,111.7
2021-22,Toronto Raptors,48,34,109.4,107.1,112.1,109.9
2021-22,Utah Jazz,49,33,113.6,107.6,116.2,110.0
2021-22,Washington Wizards,35,47,108.6,112.0,110.2,113.6
2022-23,Atlanta Hawks,41,41,118.4,118.1,115.5,115.4
2022-23,Boston Celtics,57,25,117.9,111.4,117.3,110.6
2022-23,Brooklyn Nets,45,37,113.4,112.5,114.6,113.5
2022-23,Charlotte Hornets,27,55,111.0,117.2,108.4,114.7
2022-23,Chicago Bulls,40,42,113.1,111.8,112.8,111.5
2022-23,Cleveland Cavaliers,51,31,112.3,106.9,115.5,109.9
2022-23,Dallas Mavericks,38,44,114.2,114.1,115.9,116.1
2022-23,Denver Nuggets,53,29,115.8,112.5,116.8,113.5
2022-23,Detroit Pistons,17,65,110.3,118.5,109.9,117.8
2022-23,Golden State Warriors,44,38,118.9,117.1,115.1,113.4
2022-23,Houston Rockets,22,60,110.7,118.6,110.5,118.6
2022-23,Indiana Pacers,35,47,116.3,119.5,113.8,117.1
2022-23,LA Clippers,44,38,113.6,113.1,114.0,113.6
2022-23,Los Angeles Lakers,43,39,117.2,116.6,113.9,113.2
2022-23,Memphis Grizzlies,51,31,116.9,113.0,114.7,110.7
2022-23,Miami Heat,44,38,109.5,109.8,112.3,112.8
2022-23,Milwaukee Bucks,58,24,116.9,113.3,114.3,110.9
2022-23,Minnesota Timberwolves,42,40,115.8,115.8,113.3,113.1
2022-23,New Orleans Pelicans,42,40,114.4,112.5,113.8,112.0
2022-23,New York Knicks,47,35,116.0,113.1,117.0,114.2
2022-23,Oklahoma City Thunder,40,42,117.5,116.4,114.2,113.2
2022-23,Orlando Magic,34,48,111.4,114.0,111.3,113.7
2022-23,Philadelphia 76ers,54,28,115.2,110.9,117.0,112.7
2022-23,Phoenix Suns,45,37,113.6,111.6,114.5,112.3
2022-23,Portland Trail Blazers,33,49,113.4,117.4,114.0,118.0
2022-23,Sacramento Kings,48,34,120.7,118.1,118.6,116.0
2022-23,San Antonio Spurs,22,60,113.0,123.1,109.7,119.6
2022-23,Toronto Raptors,41,41,112.9,111.4,114.6,113.1
2022-23,Utah Jazz,37,45,117.1,118.0,115.3,116.0
2022-23,Washington Wizards,35,47,113.2,114.4,113.7,114.9
2023-24,Atlanta Hawks,36,46,118.3,120.5,116.4,118.4
2023-24,Boston Celtics,64,18,120.6,109.2,122.2,110.6
2023-24,Brooklyn Nets,32,50,110.4,113.3,112.4,115.4
2023-24,Charlotte Hornets,21,61,106.6,116.8,108.6,119.2
2023-24,Chicago Bulls,39,43,112.3,113.7,114.0,115.7
2023-24,Cleveland Cavaliers,48,34,112.6,110.2,114.7,112.1
2023-24,Dallas Mavericks,50,32,117.9,115.6,117.0,114.9
2023-24,Denver Nuggets,57,25,114.9,109.6,117.8,112.3
2023-24,Detroit Pistons,14,68,109.9,119.0,109.0,118.0
2023-24,Golden State Warriors,46,36,117.8,115.2,116.9,114.5
2023-24,Houston Rockets,41,41,114.3,113.2,113.7,112.8
2023-24,Indiana Pacers,46,35,123.2,120.3,120.5,117.6
2023-24,LA Clippers,51,31,115.6,112.3,117.9,114.6
2023-24,Los Angeles Lakers,46,35,117.9,117.8,115.2,115.2
2023-24,Memphis Grizzlies,27,55,105.8,112.8,106.8,113.7
2023-24,Miami Heat,46,36,110.1,108.4,113.3,111.5
2023-24,Milwaukee Bucks,49,32,119.0,116.2,117.7,114.9
2023-24,Minnesota Timberwolves,56,26,113.0,106.5,114.6,108.4
2023-24,New Orleans Pelicans,49,32,115.4,110.4,116.9,111.7
2023-24,New York Knicks,50,32,112.8,108.2,117.3,112.4
2023-24,Oklahoma City Thunder,57,25,120.1,112.7,118.3,111.0
2023-24,Orlando Magic,47,35,110.5,108.4,112.9,110.8
2023-24,Philadelphia 76ers,47,35,114.6,111.5,116.2,113.0
2023-24,Phoenix Suns,49,33,116.2,113.2,116.8,113.7
2023-24,Portland Trail Blazers,21,61,106.4,115.4,107.6,116.6
2023-24,Sacramento Kings,46,36,116.6,114.8,116.2,114.4
2023-24,San Antonio Spurs,22,60,112.1,118.6,109.3,115.6
2023-24,Toronto Raptors,25,57,112.4,118.8,111.8,118.1
2023-24,Utah Jazz,31,51,115.7,120.5,114.5,119.6
2023-24,Washington Wizards,15,67,113.7,123.0,110.2,118.9
2024-25,Atlanta Hawks,40,41,118.4,119.4,113.9,114.9
2024-25,Boston Celtics,61,21,116.3,107.2,119.5,110.1
2024-25,Brooklyn Nets,26,56,105.1,112.2,108.1,115.4
2024-25,Charlotte Hornets,19,63,105.1,114.2,106.7,115.7
2024-25,Chicago Bulls,39,43,117.8,119.4,113.2,114.8
2024-25,Cleveland Cavaliers,64,18,121.9,112.4,121.0,111.8
2024-25,Dallas Mavericks,39,43,114.2,115.4,113.7,115.0
2024-25,Denver Nuggets,50,32,120.8,116.9,118.9,115.1
2024-25,Detroit Pistons,44,38,115.5,113.6,114.6,112.5
2024-25,Golden State Warriors,48,34,113.8,110.5,114.2,111.0
2024-25,Houston Rockets,52,29,114.5,109.8,115.1,110.2
2024-25,Indiana Pacers,50,32,117.4,115.1,115.4,113.3
2024-25,LA Clippers,50,32,112.9,108.2,114.3,109.4
2024-25,Los Angeles Lakers,50,32,113.4,112.2,115.0,113.8
2024-25,Memphis Grizzlies,48,34,121.7,116.9,117.2,112.6
2024-25,Miami Heat,37,45,110.6,110.0,112.4,112.0
2024-25,Milwaukee Bucks,47,34,115.6,113.2,115.3,112.9
2024-25,Minnesota Timberwolves,49,33,114.3,109.3,115.7,110.8
2024-25,New Orleans Pelicans,21,61,109.8,119.3,109.7,119.1
2024-25,New York Knicks,51,31,115.8,111.7,117.3,113.3
2024-25,Oklahoma City Thunder,67,14,120.6,107.8,119.3,106.7
2024-25,Orlando Magic,41,41,105.4,105.5,108.9,109.1
2024-25,Philadelphia 76ers,24,58,109.6,115.8,111.0,117.3
2024-25,Phoenix Suns,36,46,113.6,116.6,114.7,117.7
2024-25,Portland Trail Blazers,36,46,110.9,113.9,111.0,113.7
2024-25,Sacramento Kings,40,42,115.7,115.3,115.9,115.3
2024-25,San Antonio Spurs,34,48,113.9,116.7,113.5,116.3
2024-25,Toronto Raptors,30,52,110.9,115.2,109.6,113.6
2024-25,Utah Jazz,17,65,111.9,121.2,110.2,119.4
2024-25,Washington Wizards,18,64,108.0,120.4,105.8,118.0
2025-26,Atlanta Hawks,33,31,117.7,117.3,114.1,113.7
2025-26,Boston Celtics,42,21,114.5,107.0,119.9,111.7
2025-26,Brooklyn Nets,16,47,106.9,115.6,109.6,118.3
2025-26,Charlotte Hornets,32,32,116.2,112.5,117.8,114.1
2025-26,Chicago Bulls,26,37,115.5,119.7,112.2,116.6
2025-26,Cleveland Cavaliers,39,24,119.1,114.9,117.4,113.1
2025-26,Dallas Mavericks,21,42,113.3,117.7,109.8,114.0
2025-26,Denver Nuggets,39,25,120.2,116.5,120.0,116.3
2025-26,Detroit Pistons,45,17,116.8,109.6,116.1,108.7
2025-26,Golden State Warriors,32,31,115.0,113.9,114.1,112.9
2025-26,Houston Rockets,39,23,114.5,109.3,116.8,111.6
2025-26,Indiana Pacers,15,48,111.4,119.9,108.7,117.0
2025-26,LA Clippers,31,32,112.6,112.2,115.6,115.3
2025-26,Los Angeles Lakers,38,25,116.0,115.3,116.5,116.1
2025-26,Memphis Grizzlies,23,39,115.7,117.8,113.5,115.8
2025-26,Miami Heat,35,29,120.1,116.6,114.7,111.5
2025-26,Milwaukee Bucks,27,35,111.4,115.5,112.7,116.7
2025-26,Minnesota Timberwolves,40,24,118.6,114.5,116.1,112.2
2025-26,New Orleans Pelicans,20,45,115.2,120.2,112.8,117.8
2025-26,New York Knicks,40,23,117.0,110.5,118.3,111.7
2025-26,Oklahoma City Thunder,50,14,118.8,107.5,117.2,106.0
2025-26,Orlando Magic,34,27,114.8,113.7,113.7,112.7
2025-26,Philadelphia 76ers,34,29,115.8,116.1,114.3,114.6
2025-26,Phoenix Suns,36,27,112.1,111.2,113.4,112.5
2025-26,Portland Trail Blazers,30,34,115.1,118.1,112.4,115.5
2025-26,Sacramento Kings,14,50,110.4,121.3,109.6,120.2
2025-26,San Antonio Spurs,45,17,118.3,111.4,117.3,110.2
2025-26,Toronto Raptors,35,27,113.5,112.0,113.7,112.2
2025-26,Utah Jazz,19,45,117.4,125.0,113.2,120.5
2025-26,Washington Wizards,16,46,112.2,123.0,109.5,120.3
