season,team,clutch offensive rating,clutch defensive rating,avg 4th quarter point differential
2000-01,Atlanta Hawks,87.0,104.5,-0.9
2000-01,Boston Celtics,95.1,96.9,-0.8
2000-01,Charlotte Hornets,91.6,96.4,-0.2
2000-01,Chicago Bulls,93.5,107.4,-2.8
2000-01,Cleveland Cavaliers,91.3,86.8,1.0
2000-01,Dallas Mavericks,103.3,104.0,1.0
2000-01,Denver Nuggets,100.5,95.5,0.1
2000-01,Detroit Pistons,91.8,101.5,-0.7
2000-01,Golden State Warriors,84.6,107.8,-1.1
2000-01,Houston Rockets,104.5,88.1,1.4
2000-01,Indiana Pacers,93.1,92.3,0.0
2000-01,Los Angeles Clippers,95.7,108.7,0.4
2000-01,Los Angeles Lakers,103.2,99.2,-1.0
2000-01,Miami Heat,99.1,92.1,-0.3
2000-01,Milwaukee Bucks,112.2,103.8,0.2
2000-01,Minnesota Timberwolves,102.8,106.9,-0.5
2000-01,New Jersey Nets,93.1,105.7,-1.8
2000-01,New York Knicks,82.7,81.0,1.3
2000-01,Orlando Magic,93.5,104.3,-0.6
2000-01,Philadelphia 76ers,101.9,94.6,0.4
2000-01,Phoenix Suns,97.7,87.1,1.7
2000-01,Portland Trail Blazers,109.3,99.6,0.3
2000-01,Sacramento Kings,94.0,84.6,1.4
2000-01,San Antonio Spurs,97.7,100.4,0.9
2000-01,Seattle SuperSonics,98.3,102.3,-0.4
2000-01,Toronto Raptors,96.8,92.1,0.7
2000-01,Utah Jazz,118.4,96.8,2.5
2000-01,Vancouver Grizzlies,102.1,106.7,-1.3
2000-01,Washington Wizards,101.4,100.0,-1.1
2001-02,Atlanta Hawks,95.5,100.6,-1.2
2001-02,Boston Celtics,107.8,90.2,1.0
2001-02,Charlotte Hornets,101.1,97.9,-0.5
2001-02,Chicago Bulls,99.7,97.6,0.0
2001-02,Cleveland Cavaliers,107.2,99.7,-0.7
2001-02,Dallas Mavericks,115.5,107.2,1.5
2001-02,Denver Nuggets,89.7,95.4,0.1
2001-02,Detroit Pistons,96.6,93.2,1.0
2001-02,Golden State Warriors,85.4,105.3,-0.0
2001-02,Houston Rockets,96.6,106.7,-1.0
2001-02,Indiana Pacers,101.1,103.0,-0.1
2001-02,Los Angeles Clippers,95.3,100.3,-0.5
2001-02,Los Angeles Lakers,104.2,94.6,2.5
2001-02,Memphis Grizzlies,89.1,98.5,-1.2
2001-02,Miami Heat,86.1,92.0,-0.4
2001-02,Milwaukee Bucks,107.5,100.2,0.4
2001-02,Minnesota Timberwolves,94.3,102.6,-0.2
2001-02,New Jersey Nets,98.1,98.6,1.0
2001-02,New York Knicks,89.8,100.5,-1.2
2001-02,Orlando Magic,105.5,100.4,-1.0
2001-02,Philadelphia 76ers,90.2,83.0,0.0
2001-02,Phoenix Suns,104.0,101.8,0.1
2001-02,Portland Trail Blazers,111.7,99.7,-0.2
2001-02,Sacramento Kings,105.0,89.6,0.8
2001-02,San Antonio Spurs,92.5,96.7,0.2
2001-02,Seattle SuperSonics,92.6,98.2,0.3
2001-02,Toronto Raptors,93.0,90.4,-0.8
2001-02,Utah Jazz,102.8,106.5,0.6
2001-02,Washington Wizards,100.3,101.0,-0.4
2002-03,Atlanta Hawks,102.0,97.1,-2.0
2002-03,Boston Celtics,93.4,90.4,0.0
2002-03,Chicago Bulls,100.6,103.8,1.6
2002-03,Cleveland Cavaliers,86.6,96.1,-0.2
2002-03,Dallas Mavericks,112.2,101.0,0.5
2002-03,Denver Nuggets,89.6,110.9,-0.5
2002-03,Detroit Pistons,103.1,92.0,1.6
2002-03,Golden State Warriors,100.3,105.2,-0.2
2002-03,Houston Rockets,114.4,100.9,0.4
2002-03,Indiana Pacers,90.7,97.8,-0.6
2002-03,Los Angeles Clippers,94.0,116.5,-0.5
2002-03,Los Angeles Lakers,111.5,100.9,0.5
2002-03,Memphis Grizzlies,97.8,104.4,0.2
2002-03,Miami Heat,85.2,102.5,-0.9
2002-03,Milwaukee Bucks,104.2,102.0,1.8
2002-03,Minnesota Timberwolves,107.7,93.4,0.1
2002-03,New Jersey Nets,83.1,100.0,-0.7
2002-03,New Orleans Hornets,101.5,95.7,0.3
2002-03,New York Knicks,100.0,106.3,-0.3
2002-03,Orlando Magic,95.9,94.6,-1.0
2002-03,Philadelphia 76ers,102.4,98.5,1.1
2002-03,Phoenix Suns,109.0,88.1,2.7
2002-03,Portland Trail Blazers,97.3,98.3,-1.0
2002-03,Sacramento Kings,104.5,101.8,0.4
2002-03,San Antonio Spurs,102.4,100.0,-1.9
2002-03,Seattle SuperSonics,101.6,99.7,-0.5
2002-03,Toronto Raptors,101.2,103.7,-1.0
2002-03,Utah Jazz,102.6,99.0,0.3
2002-03,Washington Wizards,103.1,104.3,-0.3
2003-04,Atlanta Hawks,89.9,106.7,-1.9
2003-04,Boston Celtics,100.3,104.3,-0.4
2003-04,Chicago Bulls,84.0,100.8,-2.2
2003-04,Cleveland Cavaliers,93.1,97.1,-0.5
2003-04,Dallas Mavericks,95.7,110.5,0.4
2003-04,Denver Nuggets,103.3,89.6,0.1
2003-04,Detroit Pistons,103.8,94.5,1.3
2003-04,Golden State Warriors,90.8,102.6,-0.3
2003-04,Houston Rockets,105.8,105.7,-0.1
2003-04,Indiana Pacers,103.6,85.0,1.5
2003-04,Los Angeles Clippers,93.0,105.5,-1.3
2003-04,Los Angeles Lakers,102.8,85.1,1.5
2003-04,Memphis Grizzlies,105.6,95.5,2.0
2003-04,Miami Heat,100.0,89.1,0.5
2003-04,Milwaukee Bucks,94.3,97.1,0.2
2003-04,Minnesota Timberwolves,110.4,99.4,1.3
2003-04,New Jersey Nets,96.0,95.9,0.3
2003-04,New Orleans Hornets,94.3,92.4,1.1
2003-04,New York Knicks,103.3,92.4,0.1
2003-04,Orlando Magic,97.2,99.4,-2.4
2003-04,Philadelphia 76ers,82.5,90.9,-0.1
2003-04,Phoenix Suns,92.8,106.8,-1.6
2003-04,Portland Trail Blazers,101.4,98.8,-1.1
2003-04,Sacramento Kings,105.1,96.7,1.5
2003-04,San Antonio Spurs,95.1,96.9,0.4
2003-04,Seattle SuperSonics,111.3,108.4,0.3
2003-04,Toronto Raptors,92.7,97.2,0.3
2003-04,Utah Jazz,108.6,97.3,0.3
2003-04,Washington Wizards,96.3,108.8,-1.1
2004-05,Atlanta Hawks,94.5,109.5,-2.4
2004-05,Boston Celtics,98.3,94.9,0.2
2004-05,Charlotte Bobcats,91.4,107.5,-1.2
2004-05,Chicago Bulls,96.7,87.0,0.8
2004-05,Cleveland Cavaliers,96.7,105.1,0.2
2004-05,Dallas Mavericks,113.3,96.8,0.8
2004-05,Denver Nuggets,107.4,96.7,1.1
2004-05,Detroit Pistons,100.0,92.0,0.1
2004-05,Golden State Warriors,99.8,92.9,-0.8
2004-05,Houston Rockets,95.7,104.7,0.4
2004-05,Indiana Pacers,102.5,93.4,-0.0
2004-05,Los Angeles Clippers,101.2,106.7,-1.3
2004-05,Los Angeles Lakers,104.3,101.5,0.7
2004-05,Memphis Grizzlies,103.9,93.3,-0.0
2004-05,Miami Heat,108.8,97.7,2.4
2004-05,Milwaukee Bucks,105.2,108.2,-1.3
2004-05,Minnesota Timberwolves,111.9,99.7,0.5
2004-05,New Jersey Nets,100.0,95.9,-2.2
2004-05,New Orleans Hornets,88.0,107.5,-0.1
2004-05,New York Knicks,96.2,111.3,-0.8
2004-05,Orlando Magic,97.2,106.7,-0.4
2004-05,Philadelphia 76ers,95.8,94.9,-0.7
2004-05,Phoenix Suns,111.8,98.9,0.3
2004-05,Portland Trail Blazers,93.4,107.3,-0.3
2004-05,Sacramento Kings,105.2,104.8,0.0
2004-05,San Antonio Spurs,109.4,110.8,1.7
2004-05,Seattle SuperSonics,119.7,105.3,1.5
2004-05,Toronto Raptors,110.7,104.6,2.0
2004-05,Utah Jazz,98.8,109.9,-1.2
2004-05,Washington Wizards,109.6,109.9,-0.3
2005-06,Atlanta Hawks,96.0,107.4,-0.4
2005-06,Boston Celtics,94.7,102.2,-0.6
2005-06,Charlotte Bobcats,101.7,100.9,0.4
2005-06,Chicago Bulls,107.7,94.8,0.7
2005-06,Cleveland Cavaliers,113.8,106.9,0.6
2005-06,Dallas Mavericks,105.6,97.4,1.6
2005-06,Denver Nuggets,102.1,101.8,0.1
2005-06,Detroit Pistons,111.5,100.3,0.2
2005-06,Golden State Warriors,101.0,112.8,-0.6
2005-06,Houston Rockets,97.2,100.5,0.4
2005-06,Indiana Pacers,91.4,101.6,-0.2
2005-06,Los Angeles Clippers,112.0,92.3,0.7
2005-06,Los Angeles Lakers,108.6,109.5,0.7
2005-06,Memphis Grizzlies,106.3,95.7,-0.3
2005-06,Miami Heat,115.1,105.6,1.5
2005-06,Milwaukee Bucks,103.7,95.3,-1.1
2005-06,Minnesota Timberwolves,95.6,110.1,-1.0
2005-06,New Jersey Nets,109.2,99.0,-0.7
2005-06,New Orleans/Oklahoma City Hornets,111.7,102.0,-0.3
2005-06,New York Knicks,100.3,113.2,1.2
2005-06,Orlando Magic,100.8,103.9,0.1
2005-06,Philadelphia 76ers,89.7,93.5,-1.0
2005-06,Phoenix Suns,105.4,104.9,0.5
2005-06,Portland Trail Blazers,89.2,102.4,-1.7
2005-06,Sacramento Kings,101.9,97.8,-0.7
2005-06,San Antonio Spurs,102.1,89.8,0.2
2005-06,Seattle SuperSonics,112.8,111.5,-1.2
2005-06,Toronto Raptors,101.6,114.4,0.7
2005-06,Utah Jazz,107.2,103.9,0.7
2005-06,Washington Wizards,101.0,105.9,-0.5
2006-07,Atlanta Hawks,95.5,100.9,-0.5
2006-07,Boston Celtics,98.7,99.0,0.1
2006-07,Charlotte Bobcats,93.9,103.3,-1.2
2006-07,Chicago Bulls,98.0,89.6,0.6
2006-07,Cleveland Cavaliers,105.4,95.1,1.4
2006-07,Dallas Mavericks,109.8,84.5,1.1
2006-07,Denver Nuggets,95.3,100.3,-1.4
2006-07,Detroit Pistons,113.9,101.2,1.5
2006-07,Golden State Warriors,98.2,105.0,-0.5
2006-07,Houston Rockets,99.7,108.4,-1.4
2006-07,Indiana Pacers,102.9,101.2,-0.4
2006-07,Los Angeles Clippers,105.7,107.9,-0.3
2006-07,Los Angeles Lakers,105.0,106.1,-0.2
2006-07,Memphis Grizzlies,102.4,107.5,1.6
2006-07,Miami Heat,106.9,97.6,0.5
2006-07,Milwaukee Bucks,99.2,108.4,-1.1
2006-07,Minnesota Timberwolves,98.2,101.3,0.0
2006-07,New Jersey Nets,101.7,110.4,-0.6
2006-07,New Orleans/Oklahoma City Hornets,101.2,96.6,-0.2
2006-07,New York Knicks,107.4,102.9,-0.2
2006-07,Orlando Magic,84.7,100.9,-0.4
2006-07,Philadelphia 76ers,106.5,97.9,-0.1
2006-07,Phoenix Suns,108.6,101.9,0.9
2006-07,Portland Trail Blazers,113.4,112.5,-0.5
2006-07,Sacramento Kings,93.7,109.0,-0.4
2006-07,San Antonio Spurs,102.2,100.0,1.1
2006-07,Seattle SuperSonics,105.5,103.8,-0.4
2006-07,Toronto Raptors,106.6,99.7,0.3
2006-07,Utah Jazz,116.1,109.7,1.9
2006-07,Washington Wizards,102.3,114.7,-1.4
2007-08,Atlanta Hawks,100.3,111.2,-0.1
2007-08,Boston Celtics,101.4,99.7,1.0
2007-08,Charlotte Bobcats,101.9,100.5,-0.5
2007-08,Chicago Bulls,90.0,116.0,-1.5
2007-08,Cleveland Cavaliers,112.8,90.9,1.9
2007-08,Dallas Mavericks,114.4,107.9,0.5
2007-08,Denver Nuggets,100.3,97.0,0.8
2007-08,Detroit Pistons,113.7,105.3,0.6
2007-08,Golden State Warriors,117.2,103.9,0.5
2007-08,Houston Rockets,99.2,104.5,0.1
2007-08,Indiana Pacers,101.4,113.1,0.4
2007-08,Los Angeles Clippers,110.1,122.7,-1.0
2007-08,Los Angeles Lakers,104.6,102.1,1.8
2007-08,Memphis Grizzlies,105.8,116.6,0.0
2007-08,Miami Heat,85.2,111.4,-2.0
2007-08,Milwaukee Bucks,109.3,111.5,-1.7
2007-08,Minnesota Timberwolves,105.4,118.7,-1.9
2007-08,New Jersey Nets,112.8,107.1,-1.8
2007-08,New Orleans Hornets,105.2,98.5,1.4
2007-08,New York Knicks,89.9,96.9,-1.4
2007-08,Orlando Magic,109.5,103.2,1.3
2007-08,Philadelphia 76ers,102.2,91.7,1.4
2007-08,Phoenix Suns,110.9,96.8,0.6
2007-08,Portland Trail Blazers,110.6,107.7,0.1
2007-08,Sacramento Kings,109.5,106.7,-0.6
2007-08,San Antonio Spurs,110.6,100.4,1.0
2007-08,Seattle SuperSonics,105.6,105.8,-2.6
2007-08,Toronto Raptors,115.5,120.5,0.0
2007-08,Utah Jazz,116.3,118.1,1.5
2007-08,Washington Wizards,110.5,108.6,-0.1
2008-09,Atlanta Hawks,106.7,93.9,2.1
2008-09,Boston Celtics,113.7,101.4,0.5
2008-09,Charlotte Bobcats,97.8,96.9,-0.3
2008-09,Chicago Bulls,107.2,104.5,1.6
2008-09,Cleveland Cavaliers,127.1,93.9,2.0
2008-09,Dallas Mavericks,113.0,98.7,-0.2
2008-09,Denver Nuggets,108.5,106.3,-0.4
2008-09,Detroit Pistons,101.4,106.3,-0.5
2008-09,Golden State Warriors,93.7,111.1,-0.7
2008-09,Houston Rockets,93.3,103.8,-0.6
2008-09,Indiana Pacers,102.7,106.5,-0.6
2008-09,Los Angeles Clippers,92.9,113.7,-2.2
2008-09,Los Angeles Lakers,122.7,104.4,1.2
2008-09,Memphis Grizzlies,90.2,113.7,-1.6
2008-09,Miami Heat,114.1,112.2,-0.7
2008-09,Milwaukee Bucks,102.0,108.9,-1.0
2008-09,Minnesota Timberwolves,100.9,119.7,-1.0
2008-09,New Jersey Nets,105.3,108.1,1.1
2008-09,New Orleans Hornets,124.8,110.2,0.9
2008-09,New York Knicks,104.4,116.8,-1.3
2008-09,Oklahoma City Thunder,100.0,101.6,-2.2
2008-09,Orlando Magic,106.3,88.6,1.3
2008-09,Philadelphia 76ers,109.6,97.1,0.0
2008-09,Phoenix Suns,111.9,109.8,1.5
2008-09,Portland Trail Blazers,104.0,97.8,2.5
2008-09,Sacramento Kings,93.2,104.6,-1.2
2008-09,San Antonio Spurs,104.3,95.9,0.7
2008-09,Toronto Raptors,107.0,111.0,-0.5
2008-09,Utah Jazz,109.6,103.4,1.2
2008-09,Washington Wizards,98.5,118.7,-1.6
2009-10,Atlanta Hawks,105.7,103.7,0.3
2009-10,Boston Celtics,101.2,95.0,0.0
2009-10,Charlotte Bobcats,98.2,98.8,0.2
2009-10,Chicago Bulls,97.2,98.0,-0.3
2009-10,Cleveland Cavaliers,115.9,93.2,1.0
2009-10,Dallas Mavericks,114.1,95.3,0.6
2009-10,Denver Nuggets,117.7,110.2,1.6
2009-10,Detroit Pistons,98.1,105.1,-1.1
2009-10,Golden State Warriors,94.4,113.4,1.4
2009-10,Houston Rockets,103.5,97.2,-0.8
2009-10,Indiana Pacers,84.0,103.9,0.2
2009-10,Los Angeles Clippers,106.0,91.3,-2.1
2009-10,Los Angeles Lakers,99.7,95.9,0.2
2009-10,Memphis Grizzlies,98.2,99.0,-1.5
2009-10,Miami Heat,102.9,101.7,-0.9
2009-10,Milwaukee Bucks,99.6,95.1,0.2
2009-10,Minnesota Timberwolves,102.7,108.9,0.3
2009-10,New Jersey Nets,84.5,109.7,-1.1
2009-10,New Orleans Hornets,109.0,99.2,0.3
2009-10,New York Knicks,99.7,97.4,1.0
2009-10,Oklahoma City Thunder,92.3,98.0,-0.6
2009-10,Orlando Magic,107.6,100.0,1.3
2009-10,Philadelphia 76ers,93.9,111.1,-1.4
2009-10,Phoenix Suns,118.3,112.5,0.8
2009-10,Portland Trail Blazers,100.8,96.2,0.4
2009-10,Sacramento Kings,98.1,114.8,-0.9
2009-10,San Antonio Spurs,99.3,112.2,0.9
2009-10,Toronto Raptors,114.5,101.9,-0.5
2009-10,Utah Jazz,105.9,110.6,1.5
2009-10,Washington Wizards,94.2,103.1,-1.0
2010-11,Atlanta Hawks,112.6,103.5,-1.5
2010-11,Boston Celtics,98.7,98.6,0.5
2010-11,Charlotte Bobcats,105.8,98.0,0.0
2010-11,Chicago Bulls,106.7,88.9,2.3
2010-11,Cleveland Cavaliers,110.9,102.2,-0.8
2010-11,Dallas Mavericks,118.3,88.8,1.5
2010-11,Denver Nuggets,107.4,101.7,0.8
2010-11,Detroit Pistons,99.4,103.6,-1.1
2010-11,Golden State Warriors,113.0,111.2,-0.1
2010-11,Houston Rockets,99.5,112.1,-0.5
2010-11,Indiana Pacers,96.3,104.4,-1.5
2010-11,Los Angeles Clippers,107.1,108.2,-1.1
2010-11,Los Angeles Lakers,108.0,98.7,-0.0
2010-11,Memphis Grizzlies,101.7,108.5,1.0
2010-11,Miami Heat,113.5,102.8,1.4
2010-11,Milwaukee Bucks,90.8,95.2,0.4
2010-11,Minnesota Timberwolves,91.1,129.8,-1.7
2010-11,New Jersey Nets,100.5,106.6,-0.4
2010-11,New Orleans Hornets,101.0,90.4,-0.4
2010-11,New York Knicks,106.4,110.4,-0.4
2010-11,Oklahoma City Thunder,105.8,92.0,0.9
2010-11,Orlando Magic,107.1,107.0,1.2
2010-11,Philadelphia 76ers,97.2,107.6,0.3
2010-11,Phoenix Suns,106.3,106.0,-0.1
2010-11,Portland Trail Blazers,108.5,95.4,-0.1
2010-11,Sacramento Kings,88.3,107.0,-0.3
2010-11,San Antonio Spurs,100.7,93.1,0.9
2010-11,Toronto Raptors,93.3,113.2,-1.7
2010-11,Utah Jazz,111.8,103.3,1.3
2010-11,Washington Wizards,98.1,113.7,-1.0
2011-12,Atlanta Hawks,107.2,89.1,1.4
2011-12,Boston Celtics,101.2,100.4,0.1
2011-12,Charlotte Bobcats,82.8,116.2,-2.8
2011-12,Chicago Bulls,107.5,94.1,2.5
2011-12,Cleveland Cavaliers,103.0,106.0,0.3
2011-12,Dallas Mavericks,101.0,98.7,-0.6
2011-12,Denver Nuggets,97.9,100.0,0.3
2011-12,Detroit Pistons,95.9,104.7,-2.3
2011-12,Golden State Warriors,89.0,106.6,-1.0
2011-12,Houston Rockets,104.5,97.9,-0.5
2011-12,Indiana Pacers,106.5,85.1,0.7
2011-12,Los Angeles Clippers,98.4,99.5,0.9
2011-12,Los Angeles Lakers,111.2,92.3,-0.1
2011-12,Memphis Grizzlies,106.8,93.8,0.3
2011-12,Miami Heat,100.8,90.4,0.6
2011-12,Milwaukee Bucks,96.1,107.1,1.1
2011-12,Minnesota Timberwolves,101.0,104.2,0.2
2011-12,New Jersey Nets,102.3,119.7,-1.4
2011-12,New Orleans Hornets,93.5,105.4,-0.9
2011-12,New York Knicks,104.9,98.8,2.0
2011-12,Oklahoma City Thunder,103.4,97.9,0.1
2011-12,Orlando Magic,110.0,95.1,-0.5
2011-12,Philadelphia 76ers,89.8,104.4,-0.6
2011-12,Phoenix Suns,100.0,114.4,0.0
2011-12,Portland Trail Blazers,91.5,95.2,0.5
2011-12,Sacramento Kings,100.0,92.5,0.0
2011-12,San Antonio Spurs,104.3,88.6,1.1
2011-12,Toronto Raptors,88.6,114.7,-1.4
2011-12,Utah Jazz,96.6,98.2,-0.0
2011-12,Washington Wizards,90.0,110.3,-0.3
2012-13,Atlanta Hawks,102.2,87.5,-0.2
2012-13,Boston Celtics,92.5,95.1,-0.6
2012-13,Brooklyn Nets,98.8,99.7,0.4
2012-13,Charlotte Bobcats,95.9,100.6,-1.8
2012-13,Chicago Bulls,101.4,94.7,-0.5
2012-13,Cleveland Cavaliers,102.0,109.1,-1.4
2012-13,Dallas Mavericks,101.0,102.2,-0.3
2012-13,Denver Nuggets,107.2,95.7,1.4
2012-13,Detroit Pistons,101.4,104.7,-0.5
2012-13,Golden State Warriors,101.8,93.8,0.8
2012-13,Houston Rockets,105.4,103.3,1.1
2012-13,Indiana Pacers,97.6,86.0,0.2
2012-13,Los Angeles Clippers,114.7,114.9,2.2
2012-13,Los Angeles Lakers,104.3,91.6,1.4
2012-13,Memphis Grizzlies,97.9,90.4,-0.7
2012-13,Miami Heat,117.7,84.5,2.1
2012-13,Milwaukee Bucks,101.6,99.1,-1.2
2012-13,Minnesota Timberwolves,96.4,103.9,-1.1
2012-13,New Orleans Hornets,93.6,116.9,-0.7
2012-13,New York Knicks,94.7,88.8,2.1
2012-13,Oklahoma City Thunder,108.7,98.6,1.0
2012-13,Orlando Magic,92.7,110.1,-1.4
2012-13,Philadelphia 76ers,94.2,100.0,-0.7
2012-13,Phoenix Suns,94.8,100.3,-1.5
2012-13,Portland Trail Blazers,105.1,106.7,-0.2
2012-13,Sacramento Kings,101.0,102.3,-0.2
2012-13,San Antonio Spurs,95.0,93.5,1.2
2012-13,Toronto Raptors,87.8,112.9,-1.5
2012-13,Utah Jazz,106.4,101.2,-0.1
2012-13,Washington Wizards,80.5,100.7,0.6
2013-14,Atlanta Hawks,105.6,100.2,-0.9
2013-14,Boston Celtics,88.5,112.9,-2.0
2013-14,Brooklyn Nets,98.3,100.6,-1.1
2013-14,Charlotte Bobcats,94.6,92.6,-0.4
2013-14,Chicago Bulls,91.5,83.4,1.0
2013-14,Cleveland Cavaliers,95.4,102.2,0.2
2013-14,Dallas Mavericks,110.6,98.1,0.7
2013-14,Denver Nuggets,98.8,105.6,-0.5
2013-14,Detroit Pistons,85.5,110.0,-2.4
2013-14,Golden State Warriors,101.2,94.5,0.5
2013-14,Houston Rockets,111.2,96.1,-0.2
2013-14,Indiana Pacers,113.9,94.6,1.4
2013-14,Los Angeles Clippers,111.8,100.0,1.6
2013-14,Los Angeles Lakers,100.8,100.0,0.5
2013-14,Memphis Grizzlies,108.7,82.0,1.1
2013-14,Miami Heat,104.5,97.6,1.6
2013-14,Milwaukee Bucks,87.3,108.7,-0.0
2013-14,Minnesota Timberwolves,99.7,116.3,-2.3
2013-14,New Orleans Pelicans,103.6,105.4,-0.2
2013-14,New York Knicks,92.3,100.6,-1.2
2013-14,Oklahoma City Thunder,103.7,99.7,1.1
2013-14,Orlando Magic,87.9,105.2,-0.3
2013-14,Philadelphia 76ers,105.0,99.0,-0.8
2013-14,Phoenix Suns,96.2,97.1,0.4
2013-14,Portland Trail Blazers,113.7,101.0,0.6
2013-14,Sacramento Kings,101.2,108.8,-1.0
2013-14,San Antonio Spurs,116.2,103.0,2.0
2013-14,Toronto Raptors,102.9,95.0,2.4
2013-14,Utah Jazz,108.8,121.1,-1.8
2013-14,Washington Wizards,92.4,99.0,0.0
2014-15,Atlanta Hawks,112.1,91.3,1.2
2014-15,Boston Celtics,103.0,103.8,0.9
2014-15,Brooklyn Nets,91.9,102.5,-0.2
2014-15,Charlotte Hornets,89.8,99.4,-1.2
2014-15,Chicago Bulls,99.7,90.5,1.5
2014-15,Cleveland Cavaliers,112.7,103.0,-0.0
2014-15,Dallas Mavericks,113.1,95.3,0.8
2014-15,Denver Nuggets,104.4,112.3,-0.8
2014-15,Detroit Pistons,90.2,100.3,0.0
2014-15,Golden State Warriors,111.0,92.1,0.4
2014-15,Houston Rockets,98.4,100.3,-0.8
2014-15,Indiana Pacers,97.5,94.7,0.7
2014-15,Los Angeles Clippers,97.9,91.0,1.1
2014-15,Los Angeles Lakers,95.5,109.8,-0.5
2014-15,Memphis Grizzlies,108.7,95.2,0.3
2014-15,Miami Heat,102.9,91.3,-1.1
2014-15,Milwaukee Bucks,94.2,96.2,-1.0
2014-15,Minnesota Timberwolves,103.7,107.6,-0.1
2014-15,New Orleans Pelicans,106.2,105.3,-0.2
2014-15,New York Knicks,91.9,101.5,0.6
2014-15,Oklahoma City Thunder,92.7,94.0,-0.5
2014-15,Orlando Magic,100.0,100.0,-0.5
2014-15,Philadelphia 76ers,84.7,91.9,-1.0
2014-15,Phoenix Suns,98.0,96.5,0.9
2014-15,Portland Trail Blazers,114.2,100.0,1.7
2014-15,Sacramento Kings,99.6,108.6,-1.2
2014-15,San Antonio Spurs,95.5,97.1,0.9
2014-15,Toronto Raptors,104.4,108.7,0.3
2014-15,Utah Jazz,95.5,97.3,-0.2
2014-15,Washington Wizards,89.6,104.0,-1.7
2015-16,Atlanta Hawks,104.5,98.0,2.4
2015-16,Boston Celtics,112.0,105.7,0.2
2015-16,Brooklyn Nets,96.9,104.0,-1.8
2015-16,Charlotte Hornets,106.0,95.3,0.6
2015-16,Chicago Bulls,95.5,100.0,-0.7
2015-16,Cleveland Cavaliers,103.4,98.0,0.7
2015-16,Dallas Mavericks,113.5,99.1,0.3
2015-16,Denver Nuggets,89.7,96.0,-0.2
2015-16,Detroit Pistons,104.4,93.9,1.5
2015-16,Golden State Warriors,117.0,81.1,0.4
2015-16,Houston Rockets,107.3,96.0,1.0
2015-16,Indiana Pacers,97.1,103.7,0.7
2015-16,LA Clippers,111.5,102.8,-0.2
2015-16,Los Angeles Lakers,108.9,116.7,-0.1
2015-16,Memphis Grizzlies,105.9,94.5,-0.1
2015-16,Miami Heat,111.1,95.2,0.8
2015-16,Milwaukee Bucks,101.2,95.0,-1.5
2015-16,Minnesota Timberwolves,98.6,102.2,0.1
2015-16,New Orleans Pelicans,106.8,111.8,-0.6
2015-16,New York Knicks,100.9,112.0,-2.2
2015-16,Oklahoma City Thunder,102.2,110.7,0.0
2015-16,Orlando Magic,94.2,97.3,-0.7
2015-16,Philadelphia 76ers,78.6,123.5,-2.0
2015-16,Phoenix Suns,88.7,116.2,-1.7
2015-16,Portland Trail Blazers,106.2,108.1,-0.3
2015-16,Sacramento Kings,93.0,106.2,-0.0
2015-16,San Antonio Spurs,111.1,92.4,2.0
2015-16,Toronto Raptors,108.5,100.3,1.5
2015-16,Utah Jazz,99.5,118.9,0.5
2015-16,Washington Wizards,101.4,104.5,-0.3
2016-17,Atlanta Hawks,109.8,95.7,0.6
2016-17,Boston Celtics,117.9,107.8,0.7
2016-17,Brooklyn Nets,99.7,116.1,-0.7
2016-17,Charlotte Hornets,115.5,119.6,-0.3
2016-17,Chicago Bulls,107.3,98.1,-0.5
2016-17,Cleveland Cavaliers,117.1,103.5,-1.2
2016-17,Dallas Mavericks,101.7,107.8,-0.6
2016-17,Denver Nuggets,97.2,105.3,-1.0
2016-17,Detroit Pistons,100.3,112.5,1.3
2016-17,Golden State Warriors,109.7,100.0,0.2
2016-17,Houston Rockets,100.0,105.7,-1.1
2016-17,Indiana Pacers,103.1,104.3,-0.6
2016-17,LA Clippers,97.3,95.5,-0.5
2016-17,Los Angeles Lakers,106.9,123.2,-0.7
2016-17,Memphis Grizzlies,101.1,95.0,1.2
2016-17,Miami Heat,96.4,107.3,1.0
2016-17,Milwaukee Bucks,88.9,100.0,0.2
2016-17,Minnesota Timberwolves,95.0,104.7,-1.1
2016-17,New Orleans Pelicans,91.6,95.6,-0.8
2016-17,New York Knicks,104.7,106.7,0.6
2016-17,Oklahoma City Thunder,115.5,92.6,0.9
2016-17,Orlando Magic,101.3,114.2,-1.8
2016-17,Philadelphia 76ers,98.1,109.1,-1.4
2016-17,Phoenix Suns,103.0,119.5,-1.5
2016-17,Portland Trail Blazers,104.9,102.4,-0.1
2016-17,Sacramento Kings,97.7,108.9,0.4
2016-17,San Antonio Spurs,111.4,89.6,1.2
2016-17,Toronto Raptors,109.9,95.4,2.8
2016-17,Utah Jazz,115.0,99.3,2.2
2016-17,Washington Wizards,116.8,103.8,0.8
2017-18,Atlanta Hawks,105.4,111.5,0.4
2017-18,Boston Celtics,109.6,108.6,0.8
2017-18,Brooklyn Nets,98.5,108.4,-0.7
2017-18,Charlotte Hornets,98.8,99.7,-0.3
2017-18,Chicago Bulls,98.4,99.7,-0.5
2017-18,Cleveland Cavaliers,116.9,96.1,0.6
2017-18,Dallas Mavericks,88.3,116.7,-1.0
2017-18,Denver Nuggets,103.6,99.5,-0.6
2017-18,Detroit Pistons,101.4,109.6,0.8
2017-18,Golden State Warriors,113.1,105.3,-0.0
2017-18,Houston Rockets,122.9,95.9,-0.2
2017-18,Indiana Pacers,112.2,95.5,-0.4
2017-18,LA Clippers,110.5,119.1,1.5
2017-18,Los Angeles Lakers,99.7,105.8,-0.4
2017-18,Memphis Grizzlies,92.4,97.4,-1.0
2017-18,Miami Heat,108.7,100.4,0.7
2017-18,Milwaukee Bucks,102.1,100.3,-1.2
2017-18,Minnesota Timberwolves,107.4,114.8,-0.6
2017-18,New Orleans Pelicans,106.0,99.3,0.2
2017-18,New York Knicks,95.8,108.0,-1.0
2017-18,Oklahoma City Thunder,104.5,107.2,1.5
2017-18,Orlando Magic,98.4,107.1,-0.0
2017-18,Philadelphia 76ers,114.5,97.1,-1.1
2017-18,Phoenix Suns,95.3,104.9,-0.4
2017-18,Portland Trail Blazers,103.0,96.7,-0.4
2017-18,Sacramento Kings,105.8,103.2,-0.9
2017-18,San Antonio Spurs,106.8,104.6,1.3
2017-18,Toronto Raptors,103.1,102.6,1.9
2017-18,Utah Jazz,107.6,101.3,1.8
2017-18,Washington Wizards,96.0,104.3,-0.8
2018-19,Atlanta Hawks,104.0,97.8,-0.1
2018-19,Boston Celtics,123.8,114.7,1.4
2018-19,Brooklyn Nets,109.7,111.8,-0.3
2018-19,Charlotte Hornets,109.3,111.2,-1.1
2018-19,Chicago Bulls,98.8,107.1,-1.0
2018-19,Cleveland Cavaliers,99.0,110.6,-1.7
2018-19,Dallas Mavericks,100.3,108.9,0.4
2018-19,Denver Nuggets,106.7,94.9,1.6
2018-19,Detroit Pistons,111.9,114.0,1.1
2018-19,Golden State Warriors,110.5,104.6,0.2
2018-19,Houston Rockets,111.8,113.4,0.5
2018-19,Indiana Pacers,113.9,104.5,0.8
2018-19,LA Clippers,117.2,98.5,1.2
2018-19,Los Angeles Lakers,114.7,107.5,-0.8
2018-19,Memphis Grizzlies,102.9,109.8,-1.7
2018-19,Miami Heat,93.6,97.9,-0.7
2018-19,Milwaukee Bucks,113.0,110.1,2.1
2018-19,Minnesota Timberwolves,100.0,113.4,-1.2
2018-19,New Orleans Pelicans,99.4,110.0,0.8
2018-19,New York Knicks,103.0,110.8,-1.1
2018-19,Oklahoma City Thunder,106.9,104.6,1.0
2018-19,Orlando Magic,96.0,98.5,-0.5
2018-19,Philadelphia 76ers,109.5,106.1,-0.1
2018-19,Phoenix Suns,107.7,116.9,-2.1
2018-19,Portland Trail Blazers,117.2,108.0,0.1
2018-19,Sacramento Kings,106.1,107.2,-0.2
2018-19,San Antonio Spurs,113.6,112.5,0.4
2018-19,Toronto Raptors,108.1,100.3,-0.5
2018-19,Utah Jazz,112.7,109.1,0.6
2018-19,Washington Wizards,108.1,111.8,1.1
2019-20,Atlanta Hawks,97.4,98.9,-1.0
2019-20,Boston Celtics,114.7,111.2,0.6
2019-20,Brooklyn Nets,110.4,107.2,-1.3
2019-20,Charlotte Hornets,120.3,110.6,-2.1
2019-20,Chicago Bulls,106.5,127.3,-0.5
2019-20,Cleveland Cavaliers,103.5,110.1,0.0
2019-20,Dallas Mavericks,99.4,107.5,0.5
2019-20,Denver Nuggets,118.5,102.9,0.3
2019-20,Detroit Pistons,91.0,115.5,0.0
2019-20,Golden State Warriors,102.9,124.9,-0.5
2019-20,Houston Rockets,115.7,97.0,-0.5
2019-20,Indiana Pacers,107.0,97.2,-0.8
2019-20,LA Clippers,116.0,108.3,0.7
2019-20,Los Angeles Lakers,107.4,101.7,1.7
2019-20,Memphis Grizzlies,100.0,116.1,-0.1
2019-20,Miami Heat,98.1,115.1,-1.2
2019-20,Milwaukee Bucks,110.1,91.9,2.5
2019-20,Minnesota Timberwolves,105.6,116.6,-0.4
2019-20,New Orleans Pelicans,93.4,119.8,0.1
2019-20,New York Knicks,106.3,102.5,-0.8
2019-20,Oklahoma City Thunder,120.9,94.4,2.2
2019-20,Orlando Magic,95.7,104.7,-0.9
2019-20,Philadelphia 76ers,108.9,103.6,0.0
2019-20,Phoenix Suns,110.3,110.8,-0.7
2019-20,Portland Trail Blazers,117.2,111.2,1.0
2019-20,Sacramento Kings,111.0,113.7,0.1
2019-20,San Antonio Spurs,105.2,112.0,-0.9
2019-20,Toronto Raptors,118.1,97.4,1.2
2019-20,Utah Jazz,112.8,100.3,0.1
2019-20,Washington Wizards,104.3,119.6,0.2
2020-21,Atlanta Hawks,113.7,113.1,0.7
2020-21,Boston Celtics,101.5,112.4,0.5
2020-21,Brooklyn Nets,113.2,103.5,0.9
2020-21,Charlotte Hornets,122.2,102.4,-0.0
2020-21,Chicago Bulls,107.1,115.2,-1.1
2020-21,Cleveland Cavaliers,99.1,106.4,-1.5
2020-21,Dallas Mavericks,116.3,122.0,-0.3
2020-21,Denver Nuggets,114.4,109.0,0.7
2020-21,Detroit Pistons,101.2,121.7,-0.3
2020-21,Golden State Warriors,112.6,119.3,0.2
2020-21,Houston Rockets,97.0,112.9,-1.2
2020-21,Indiana Pacers,101.1,102.9,-0.2
2020-21,LA Clippers,110.3,117.5,1.1
2020-21,Los Angeles Lakers,110.5,99.6,1.3
2020-21,Memphis Grizzlies,101.6,110.9,-0.2
2020-21,Miami Heat,95.1,102.1,-1.1
2020-21,Milwaukee Bucks,107.0,105.5,-0.2
2020-21,Minnesota Timberwolves,105.4,117.2,0.4
2020-21,New Orleans Pelicans,109.0,101.5,0.5
2020-21,New York Knicks,106.3,94.8,-0.4
2020-21,Oklahoma City Thunder,102.7,101.8,-1.1
2020-21,Orlando Magic,106.5,105.7,-1.8
2020-21,Philadelphia 76ers,112.5,97.4,1.3
2020-21,Phoenix Suns,110.3,107.9,0.7
2020-21,Portland Trail Blazers,127.7,98.6,0.7
2020-21,Sacramento Kings,107.9,114.9,-1.0
2020-21,San Antonio Spurs,105.0,108.9,-0.3
2020-21,Toronto Raptors,100.8,113.3,0.8
2020-21,Utah Jazz,118.2,110.1,1.2
2020-21,Washington Wizards,110.5,107.7,-0.3
2021-22,Atlanta Hawks,110.5,119.4,-1.3
2021-22,Boston Celtics,96.8,106.2,0.3
2021-22,Brooklyn Nets,112.6,103.0,-0.1
2021-22,Charlotte Hornets,109.6,111.6,0.8
2021-22,Chicago Bulls,121.0,104.9,0.9
2021-22,Cleveland Cavaliers,110.0,104.4,-0.7
2021-22,Dallas Mavericks,109.5,117.0,-0.1
2021-22,Denver Nuggets,106.9,103.2,-1.8
2021-22,Detroit Pistons,94.1,110.3,-1.3
2021-22,Golden State Warriors,101.7,99.0,1.3
2021-22,Houston Rockets,100.4,110.3,-0.4
2021-22,Indiana Pacers,92.0,114.9,-0.4
2021-22,LA Clippers,123.8,114.3,1.1
2021-22,Los Angeles Lakers,103.8,107.1,0.6
2021-22,Memphis Grizzlies,111.6,103.7,0.1
2021-22,Miami Heat,100.4,99.2,0.4
2021-22,Milwaukee Bucks,118.1,102.8,1.0
2021-22,Minnesota Timberwolves,107.1,106.0,-0.9
2021-22,New Orleans Pelicans,115.5,120.3,0.3
2021-22,New York Knicks,93.2,116.4,-0.3
2021-22,Oklahoma City Thunder,105.1,108.7,-0.7
2021-22,Orlando Magic,98.8,101.2,-0.2
2021-22,Philadelphia 76ers,105.9,103.6,0.5
2021-22,Phoenix Suns,131.5,98.1,2.7
2021-22,Portland Trail Blazers,107.0,105.8,-3.6
2021-22,Sacramento Kings,110.6,109.2,-1.3
2021-22,San Antonio Spurs,93.4,103.8,0.7
2021-22,Toronto Raptors,112.5,102.0,1.0
2021-22,Utah Jazz,105.1,113.5,0.7
2021-22,Washington Wizards,111.5,98.8,0.5
2022-23,Atlanta Hawks,102.1,118.6,-0.9
2022-23,Boston Celtics,107.4,103.1,0.6
2022-23,Brooklyn Nets,115.9,110.2,0.3
2022-23,Charlotte Hornets,108.6,114.4,-0.3
2022-23,Chicago Bulls,106.0,105.2,0.5
2022-23,Cleveland Cavaliers,97.9,98.8,2.2
2022-23,Dallas Mavericks,105.1,106.2,-0.7
2022-23,Denver Nuggets,109.2,96.5,-0.5
2022-23,Detroit Pistons,104.7,122.7,-2.1
2022-23,Golden State Warriors,104.0,98.6,0.8
2022-23,Houston Rockets,91.4,101.0,-1.9
2022-23,Indiana Pacers,110.0,110.7,0.7
2022-23,LA Clippers,112.3,109.8,0.7
2022-23,Los Angeles Lakers,115.9,111.5,1.9
2022-23,Memphis Grizzlies,114.9,113.9,-1.1
2022-23,Miami Heat,112.3,95.4,1.3
2022-23,Milwaukee Bucks,109.7,102.8,0.7
2022-23,Minnesota Timberwolves,100.3,100.5,-0.2
2022-23,New Orleans Pelicans,113.1,104.0,0.4
2022-23,New York Knicks,109.1,119.0,0.0
2022-23,Oklahoma City Thunder,97.1,106.3,-0.7
2022-23,Orlando Magic,109.2,120.8,0.5
2022-23,Philadelphia 76ers,110.2,93.3,2.0
2022-23,Phoenix Suns,109.4,112.6,-0.2
2022-23,Portland Trail Blazers,107.1,113.9,-1.2
2022-23,Sacramento Kings,129.2,116.8,0.9
2022-23,San Antonio Spurs,98.2,112.4,-3.9
2022-23,Toronto Raptors,106.3,107.1,0.4
2022-23,Utah Jazz,117.2,109.5,-0.1
2022-23,Washington Wizards,101.4,110.3,-0.0
2023-24,Atlanta Hawks,103.9,118.7,-0.9
2023-24,Boston Celtics,116.8,103.9,1.9
2023-24,Brooklyn Nets,107.5,114.2,-0.1
2023-24,Charlotte Hornets,112.0,113.6,-0.3
2023-24,Chicago Bulls,119.5,95.5,0.0
2023-24,Cleveland Cavaliers,106.4,111.1,0.3
2023-24,Dallas Mavericks,128.2,106.4,0.5
2023-24,Denver Nuggets,121.1,95.6,1.2
2023-24,Detroit Pistons,93.7,128.1,-0.9
2023-24,Golden State Warriors,116.2,115.9,-0.5
2023-24,Houston Rockets,108.4,121.6,0.3
2023-24,Indiana Pacers,117.2,116.9,0.7
2023-24,LA Clippers,124.6,107.8,-0.5
2023-24,Los Angeles Lakers,117.6,108.5,0.1
2023-24,Memphis Grizzlies,98.4,105.9,0.4
2023-24,Miami Heat,99.3,112.6,-1.2
2023-24,Milwaukee Bucks,122.0,106.2,0.1
2023-24,Minnesota Timberwolves,104.9,116.7,1.2
2023-24,New Orleans Pelicans,99.0,112.3,-0.3
2023-24,New York Knicks,114.4,100.4,1.0
2023-24,Oklahoma City Thunder,125.5,114.0,0.8
2023-24,Orlando Magic,104.2,100.8,0.6
2023-24,Philadelphia 76ers,115.3,113.2,0.7
2023-24,Phoenix Suns,102.0,105.2,-2.4
2023-24,Portland Trail Blazers,104.8,102.6,-0.6
2023-24,Sacramento Kings,105.6,104.1,-0.8
2023-24,San Antonio Spurs,101.0,113.6,-0.2
2023-24,Toronto Raptors,109.0,115.5,-1.0
2023-24,Utah Jazz,116.1,104.3,0.2
2023-24,Washington Wizards,85.1,123.0,-0.3
2024-25,Atlanta Hawks,119.4,109.6,1.1
2024-25,Boston Celtics,120.4,109.7,0.4
2024-25,Brooklyn Nets,100.3,116.9,-1.6
2024-25,Charlotte Hornets,105.4,111.4,-0.5
2024-25,Chicago Bulls,115.4,100.4,0.0
2024-25,Cleveland Cavaliers,123.8,104.9,2.9
2024-25,Dallas Mavericks,113.0,111.7,0.1
2024-25,Denver Nuggets,126.8,108.0,0.2
2024-25,Detroit Pistons,107.4,117.1,0.3
2024-25,Golden State Warriors,111.0,110.3,0.8
2024-25,Houston Rockets,107.1,107.1,-0.5
2024-25,Indiana Pacers,118.3,100.6,2.1
2024-25,LA Clippers,105.9,106.0,1.0
2024-25,Los Angeles Lakers,114.6,110.6,-0.7
2024-25,Memphis Grizzlies,109.2,100.0,0.2
2024-25,Miami Heat,93.7,109.1,-0.7
2024-25,Milwaukee Bucks,102.5,95.0,0.2
2024-25,Minnesota Timberwolves,105.4,114.9,2.3
2024-25,New Orleans Pelicans,104.5,103.3,-1.0
2024-25,New York Knicks,111.2,108.4,-1.0
2024-25,Oklahoma City Thunder,118.2,107.1,1.9
2024-25,Orlando Magic,104.5,97.5,0.8
2024-25,Philadelphia 76ers,104.2,117.0,-1.9
2024-25,Phoenix Suns,115.5,121.5,-0.5
2024-25,Portland Trail Blazers,113.6,121.9,-1.1
2024-25,Sacramento Kings,114.8,108.2,0.2
2024-25,San Antonio Spurs,103.5,107.4,-0.2
2024-25,Toronto Raptors,99.6,117.6,-0.8
2024-25,Utah Jazz,106.5,127.0,-2.0
2024-25,Washington Wizards,102.8,114.2,-2.0
2025-26,Atlanta Hawks,116.0,112.7,0.7
2025-26,Boston Celtics,113.1,116.6,1.2
2025-26,Brooklyn Nets,99.4,132.1,-1.3
2025-26,Charlotte Hornets,108.0,115.5,-0.9
2025-26,Chicago Bulls,108.4,117.1,-0.6
2025-26,Cleveland Cavaliers,114.8,107.0,1.9
2025-26,Dallas Mavericks,103.6,113.4,-0.3
2025-26,Denver Nuggets,119.4,128.5,-0.5
2025-26,Detroit Pistons,116.3,103.1,1.1
2025-26,Golden State Warriors,118.2,123.4,1.0
2025-26,Houston Rockets,114.4,117.7,-0.3
2025-26,Indiana Pacers,97.6,107.0,-1.0
2025-26,LA Clippers,115.7,116.4,-0.7
2025-26,Los Angeles Lakers,135.9,109.1,1.6
2025-26,Memphis Grizzlies,100.4,118.6,-1.1
2025-26,Miami Heat,109.9,113.6,0.9
2025-26,Milwaukee Bucks,119.7,111.6,-0.3
2025-26,Minnesota Timberwolves,117.2,113.4,1.6
2025-26,New Orleans Pelicans,105.7,123.7,-1.1
2025-26,New York Knicks,120.9,100.5,2.7
2025-26,Oklahoma City Thunder,123.7,99.2,1.8
2025-26,Orlando Magic,109.6,107.4,0.7
2025-26,Philadelphia 76ers,120.5,99.7,1.3
2025-26,Phoenix Suns,113.4,114.2,-1.1
2025-26,Portland Trail Blazers,116.5,120.0,-1.2
2025-26,Sacramento Kings,103.5,115.8,-3.1
2025-26,San Antonio Spurs,128.2,115.8,1.3
2025-26,Toronto Raptors,104.3,104.1,-0.5
2025-26,Utah Jazz,113.6,106.1,-0.7
2025-26,Washington Wizards,112.8,114.5,-2.9
