season,team,4th quarter net rating
2000-01,Atlanta Hawks,-7.4
2000-01,Boston Celtics,-3.9
2000-01,Charlotte Hornets,1.2
2000-01,Chicago Bulls,-14.5
2000-01,Cleveland Cavaliers,2.9
2000-01,Dallas Mavericks,4.6
2000-01,Denver Nuggets,0.3
2000-01,Detroit Pistons,-3.6
2000-01,Golden State Warriors,-7.6
2000-01,Houston Rockets,6.1
2000-01,Indiana Pacers,-0.5
2000-01,Los Angeles Clippers,3.9
2000-01,Los Angeles Lakers,-3.3
2000-01,Miami Heat,1.6
2000-01,Milwaukee Bucks,3.7
2000-01,Minnesota Timberwolves,-2.6
2000-01,New Jersey Nets,-9.4
2000-01,New York Knicks,7.2
2000-01,Orlando Magic,-3.5
2000-01,Philadelphia 76ers,3.3
2000-01,Phoenix Suns,8.2
2000-01,Portland Trail Blazers,1.0
2000-01,Sacramento Kings,6.4
2000-01,San Antonio Spurs,7.4
2000-01,Seattle SuperSonics,-3.2
2000-01,Toronto Raptors,2.9
2000-01,Utah Jazz,11.2
2000-01,Vancouver Grizzlies,-6.4
2000-01,Washington Wizards,-5.4
2001-02,Atlanta Hawks,-4.0
2001-02,Boston Celtics,5.7
2001-02,Charlotte Hornets,-0.9
2001-02,Chicago Bulls,-0.5
2001-02,Cleveland Cavaliers,-3.8
2001-02,Dallas Mavericks,8.2
2001-02,Denver Nuggets,-1.8
2001-02,Detroit Pistons,6.5
2001-02,Golden State Warriors,-3.8
2001-02,Houston Rockets,-7.2
2001-02,Indiana Pacers,0.0
2001-02,Los Angeles Clippers,-2.6
2001-02,Los Angeles Lakers,12.5
2001-02,Memphis Grizzlies,-5.9
2001-02,Miami Heat,-5.3
2001-02,Milwaukee Bucks,3.5
2001-02,Minnesota Timberwolves,-1.3
2001-02,New Jersey Nets,5.2
2001-02,New York Knicks,-6.4
2001-02,Orlando Magic,-4.7
2001-02,Philadelphia 76ers,0.1
2001-02,Phoenix Suns,-0.4
2001-02,Portland Trail Blazers,0.3
2001-02,Sacramento Kings,3.7
2001-02,San Antonio Spurs,3.3
2001-02,Seattle SuperSonics,1.1
2001-02,Toronto Raptors,-3.8
2001-02,Utah Jazz,2.1
2001-02,Washington Wizards,-0.7
2002-03,Atlanta Hawks,-9.6
2002-03,Boston Celtics,-0.2
2002-03,Chicago Bulls,4.8
2002-03,Cleveland Cavaliers,-2.7
2002-03,Dallas Mavericks,1.6
2002-03,Denver Nuggets,-3.3
2002-03,Detroit Pistons,6.6
2002-03,Golden State Warriors,-2.3
2002-03,Houston Rockets,2.1
2002-03,Indiana Pacers,-2.9
2002-03,Los Angeles Clippers,-1.6
2002-03,Los Angeles Lakers,1.5
2002-03,Memphis Grizzlies,1.5
2002-03,Miami Heat,-5.6
2002-03,Milwaukee Bucks,8.8
2002-03,Minnesota Timberwolves,1.6
2002-03,New Jersey Nets,-3.2
2002-03,New Orleans Hornets,0.9
2002-03,New York Knicks,-2.4
2002-03,Orlando Magic,-2.8
2002-03,Philadelphia 76ers,5.3
2002-03,Phoenix Suns,14.0
2002-03,Portland Trail Blazers,-2.9
2002-03,Sacramento Kings,3.2
2002-03,San Antonio Spurs,-6.3
2002-03,Seattle SuperSonics,-1.8
2002-03,Toronto Raptors,-6.2
2002-03,Utah Jazz,1.9
2002-03,Washington Wizards,0.5
2003-04,Atlanta Hawks,-8.0
2003-04,Boston Celtics,-0.3
2003-04,Chicago Bulls,-11.4
2003-04,Cleveland Cavaliers,-4.2
2003-04,Dallas Mavericks,3.5
2003-04,Denver Nuggets,-1.1
2003-04,Detroit Pistons,5.7
2003-04,Golden State Warriors,-1.7
2003-04,Houston Rockets,-0.2
2003-04,Indiana Pacers,7.7
2003-04,Los Angeles Clippers,-6.1
2003-04,Los Angeles Lakers,7.5
2003-04,Memphis Grizzlies,10.8
2003-04,Miami Heat,2.9
2003-04,Milwaukee Bucks,1.3
2003-04,Minnesota Timberwolves,6.8
2003-04,New Jersey Nets,1.3
2003-04,New Orleans Hornets,5.3
2003-04,New York Knicks,-0.7
2003-04,Orlando Magic,-12.2
2003-04,Philadelphia 76ers,1.3
2003-04,Phoenix Suns,-6.4
2003-04,Portland Trail Blazers,-5.4
2003-04,Sacramento Kings,7.3
2003-04,San Antonio Spurs,3.1
2003-04,Seattle SuperSonics,-0.3
2003-04,Toronto Raptors,-0.9
2003-04,Utah Jazz,-0.6
2003-04,Washington Wizards,-4.0
2004-05,Atlanta Hawks,-12.9
2004-05,Boston Celtics,1.0
2004-05,Charlotte Bobcats,-5.2
2004-05,Chicago Bulls,2.9
2004-05,Cleveland Cavaliers,0.5
2004-05,Dallas Mavericks,5.2
2004-05,Denver Nuggets,5.7
2004-05,Detroit Pistons,0.3
2004-05,Golden State Warriors,-5.0
2004-05,Houston Rockets,2.2
2004-05,Indiana Pacers,0.3
2004-05,Los Angeles Clippers,-5.6
2004-05,Los Angeles Lakers,3.5
2004-05,Memphis Grizzlies,0.2
2004-05,Miami Heat,15.6
2004-05,Milwaukee Bucks,-6.2
2004-05,Minnesota Timberwolves,3.2
2004-05,New Jersey Nets,-11.0
2004-05,New Orleans Hornets,-4.3
2004-05,New York Knicks,-6.6
2004-05,Orlando Magic,-1.4
2004-05,Philadelphia 76ers,-2.6
2004-05,Phoenix Suns,4.7
2004-05,Portland Trail Blazers,-2.6
2004-05,Sacramento Kings,0.4
2004-05,San Antonio Spurs,9.1
2004-05,Seattle SuperSonics,7.3
2004-05,Toronto Raptors,9.7
2004-05,Utah Jazz,-8.3
2004-05,Washington Wizards,-0.3
2005-06,Atlanta Hawks,-1.4
2005-06,Boston Celtics,-2.1
2005-06,Charlotte Bobcats,1.0
2005-06,Chicago Bulls,3.1
2005-06,Cleveland Cavaliers,3.0
2005-06,Dallas Mavericks,9.6
2005-06,Denver Nuggets,-0.3
2005-06,Detroit Pistons,1.3
2005-06,Golden State Warriors,-2.7
2005-06,Houston Rockets,1.8
2005-06,Indiana Pacers,0.8
2005-06,Los Angeles Clippers,4.0
2005-06,Los Angeles Lakers,5.0
2005-06,Memphis Grizzlies,-3.0
2005-06,Miami Heat,5.7
2005-06,Milwaukee Bucks,-5.7
2005-06,Minnesota Timberwolves,-5.6
2005-06,New Jersey Nets,-3.1
2005-06,New Orleans/Oklahoma City Hornets,-2.8
2005-06,New York Knicks,3.7
2005-06,Orlando Magic,-0.7
2005-06,Philadelphia 76ers,-3.1
2005-06,Phoenix Suns,1.9
2005-06,Portland Trail Blazers,-10.3
2005-06,Sacramento Kings,-1.7
2005-06,San Antonio Spurs,2.6
2005-06,Seattle SuperSonics,-5.5
2005-06,Toronto Raptors,2.2
2005-06,Utah Jazz,3.5
2005-06,Washington Wizards,-0.9
2006-07,Atlanta Hawks,-1.1
2006-07,Boston Celtics,-0.8
2006-07,Charlotte Bobcats,-5.3
2006-07,Chicago Bulls,2.3
2006-07,Cleveland Cavaliers,5.8
2006-07,Dallas Mavericks,6.0
2006-07,Denver Nuggets,-4.8
2006-07,Detroit Pistons,8.0
2006-07,Golden State Warriors,-1.4
2006-07,Houston Rockets,-3.9
2006-07,Indiana Pacers,-2.9
2006-07,Los Angeles Clippers,0.1
2006-07,Los Angeles Lakers,-1.2
2006-07,Memphis Grizzlies,8.2
2006-07,Miami Heat,3.1
2006-07,Milwaukee Bucks,-6.0
2006-07,Minnesota Timberwolves,-1.3
2006-07,New Jersey Nets,-1.7
2006-07,New Orleans/Oklahoma City Hornets,-2.7
2006-07,New York Knicks,-1.3
2006-07,Orlando Magic,-3.9
2006-07,Philadelphia 76ers,-1.4
2006-07,Phoenix Suns,4.2
2006-07,Portland Trail Blazers,-2.1
2006-07,Sacramento Kings,-1.3
2006-07,San Antonio Spurs,5.9
2006-07,Seattle SuperSonics,-2.3
2006-07,Toronto Raptors,2.7
2006-07,Utah Jazz,6.8
2006-07,Washington Wizards,-7.2
2007-08,Atlanta Hawks,-0.6
2007-08,Boston Celtics,7.0
2007-08,Charlotte Bobcats,-1.6
2007-08,Chicago Bulls,-6.5
2007-08,Cleveland Cavaliers,6.1
2007-08,Dallas Mavericks,3.2
2007-08,Denver Nuggets,3.1
2007-08,Detroit Pistons,4.7
2007-08,Golden State Warriors,3.4
2007-08,Houston Rockets,-0.3
2007-08,Indiana Pacers,1.3
2007-08,Los Angeles Clippers,-5.3
2007-08,Los Angeles Lakers,9.1
2007-08,Memphis Grizzlies,-0.8
2007-08,Miami Heat,-10.8
2007-08,Milwaukee Bucks,-9.0
2007-08,Minnesota Timberwolves,-10.7
2007-08,New Jersey Nets,-7.5
2007-08,New Orleans Hornets,8.3
2007-08,New York Knicks,-7.5
2007-08,Orlando Magic,6.5
2007-08,Philadelphia 76ers,7.3
2007-08,Phoenix Suns,4.4
2007-08,Portland Trail Blazers,0.9
2007-08,Sacramento Kings,-3.2
2007-08,San Antonio Spurs,6.0
2007-08,Seattle SuperSonics,-12.8
2007-08,Toronto Raptors,-0.4
2007-08,Utah Jazz,7.4
2007-08,Washington Wizards,-1.7
2008-09,Atlanta Hawks,10.3
2008-09,Boston Celtics,3.0
2008-09,Charlotte Bobcats,-2.4
2008-09,Chicago Bulls,8.3
2008-09,Cleveland Cavaliers,11.6
2008-09,Dallas Mavericks,-1.8
2008-09,Denver Nuggets,-1.0
2008-09,Detroit Pistons,-2.8
2008-09,Golden State Warriors,-2.5
2008-09,Houston Rockets,-1.6
2008-09,Indiana Pacers,-3.9
2008-09,Los Angeles Clippers,-11.6
2008-09,Los Angeles Lakers,5.1
2008-09,Memphis Grizzlies,-7.1
2008-09,Miami Heat,-2.9
2008-09,Milwaukee Bucks,-4.9
2008-09,Minnesota Timberwolves,-5.5
2008-09,New Jersey Nets,2.8
2008-09,New Orleans Hornets,4.5
2008-09,New York Knicks,-6.0
2008-09,Oklahoma City Thunder,-10.2
2008-09,Orlando Magic,7.7
2008-09,Philadelphia 76ers,0.2
2008-09,Phoenix Suns,7.8
2008-09,Portland Trail Blazers,12.3
2008-09,Sacramento Kings,-6.7
2008-09,San Antonio Spurs,4.4
2008-09,Toronto Raptors,-3.5
2008-09,Utah Jazz,6.6
2008-09,Washington Wizards,-9.0
2009-10,Atlanta Hawks,1.0
2009-10,Boston Celtics,0.8
2009-10,Charlotte Bobcats,2.0
2009-10,Chicago Bulls,-1.5
2009-10,Cleveland Cavaliers,5.7
2009-10,Dallas Mavericks,4.0
2009-10,Denver Nuggets,7.6
2009-10,Detroit Pistons,-7.0
2009-10,Golden State Warriors,4.2
2009-10,Houston Rockets,-1.4
2009-10,Indiana Pacers,1.3
2009-10,Los Angeles Clippers,-10.4
2009-10,Los Angeles Lakers,-0.6
2009-10,Memphis Grizzlies,-7.0
2009-10,Miami Heat,-3.7
2009-10,Milwaukee Bucks,-1.2
2009-10,Minnesota Timberwolves,-1.3
2009-10,New Jersey Nets,-5.4
2009-10,New Orleans Hornets,1.0
2009-10,New York Knicks,5.7
2009-10,Oklahoma City Thunder,-2.4
2009-10,Orlando Magic,7.7
2009-10,Philadelphia 76ers,-8.1
2009-10,Phoenix Suns,4.8
2009-10,Portland Trail Blazers,4.9
2009-10,Sacramento Kings,-3.6
2009-10,San Antonio Spurs,3.7
2009-10,Toronto Raptors,-1.9
2009-10,Utah Jazz,5.2
2009-10,Washington Wizards,-4.6
2010-11,Atlanta Hawks,-8.2
2010-11,Boston Celtics,3.1
2010-11,Charlotte Bobcats,1.2
2010-11,Chicago Bulls,13.0
2010-11,Cleveland Cavaliers,-3.9
2010-11,Dallas Mavericks,8.2
2010-11,Denver Nuggets,3.3
2010-11,Detroit Pistons,-6.7
2010-11,Golden State Warriors,-1.0
2010-11,Houston Rockets,-1.3
2010-11,Indiana Pacers,-5.7
2010-11,Los Angeles Clippers,-6.9
2010-11,Los Angeles Lakers,0.9
2010-11,Memphis Grizzlies,4.5
2010-11,Miami Heat,8.9
2010-11,Milwaukee Bucks,0.8
2010-11,Minnesota Timberwolves,-10.2
2010-11,New Jersey Nets,-3.0
2010-11,New Orleans Hornets,0.2
2010-11,New York Knicks,-1.2
2010-11,Oklahoma City Thunder,4.0
2010-11,Orlando Magic,7.2
2010-11,Philadelphia 76ers,1.6
2010-11,Phoenix Suns,-0.0
2010-11,Portland Trail Blazers,-0.9
2010-11,Sacramento Kings,-1.9
2010-11,San Antonio Spurs,5.1
2010-11,Toronto Raptors,-9.0
2010-11,Utah Jazz,4.9
2010-11,Washington Wizards,-6.3
2011-12,Atlanta Hawks,7.0
2011-12,Boston Celtics,1.2
2011-12,Charlotte Bobcats,-13.3
2011-12,Chicago Bulls,13.5
2011-12,Cleveland Cavaliers,0.8
2011-12,Dallas Mavericks,-0.8
2011-12,Denver Nuggets,0.9
2011-12,Detroit Pistons,-10.5
2011-12,Golden State Warriors,-3.9
2011-12,Houston Rockets,-2.7
2011-12,Indiana Pacers,2.5
2011-12,Los Angeles Clippers,0.9
2011-12,Los Angeles Lakers,1.3
2011-12,Memphis Grizzlies,-1.3
2011-12,Miami Heat,4.1
2011-12,Milwaukee Bucks,4.5
2011-12,Minnesota Timberwolves,2.1
2011-12,New Jersey Nets,-7.8
2011-12,New Orleans Hornets,-4.7
2011-12,New York Knicks,7.8
2011-12,Oklahoma City Thunder,3.2
2011-12,Orlando Magic,-1.0
2011-12,Philadelphia 76ers,-1.7
2011-12,Phoenix Suns,0.6
2011-12,Portland Trail Blazers,2.5
2011-12,Sacramento Kings,-0.9
2011-12,San Antonio Spurs,6.0
2011-12,Toronto Raptors,-7.8
2011-12,Utah Jazz,0.5
2011-12,Washington Wizards,-3.3
2012-13,Atlanta Hawks,-1.2
2012-13,Boston Celtics,-2.2
2012-13,Brooklyn Nets,2.9
2012-13,Charlotte Bobcats,-9.2
2012-13,Chicago Bulls,-3.5
2012-13,Cleveland Cavaliers,-7.6
2012-13,Dallas Mavericks,-1.4
2012-13,Denver Nuggets,7.6
2012-13,Detroit Pistons,-3.6
2012-13,Golden State Warriors,4.4
2012-13,Houston Rockets,5.2
2012-13,Indiana Pacers,3.1
2012-13,Los Angeles Clippers,9.0
2012-13,Los Angeles Lakers,7.4
2012-13,Memphis Grizzlies,-3.6
2012-13,Miami Heat,12.2
2012-13,Milwaukee Bucks,-6.5
2012-13,Minnesota Timberwolves,-5.5
2012-13,New Orleans Hornets,-3.6
2012-13,New York Knicks,10.6
2012-13,Oklahoma City Thunder,7.0
2012-13,Orlando Magic,-8.0
2012-13,Philadelphia 76ers,-2.5
2012-13,Phoenix Suns,-9.1
2012-13,Portland Trail Blazers,-1.2
2012-13,Sacramento Kings,-2.4
2012-13,San Antonio Spurs,6.8
2012-13,Toronto Raptors,-6.6
2012-13,Utah Jazz,-0.7
2012-13,Washington Wizards,2.3
2013-14,Atlanta Hawks,-3.3
2013-14,Boston Celtics,-11.4
2013-14,Brooklyn Nets,-4.9
2013-14,Charlotte Bobcats,-0.3
2013-14,Chicago Bulls,4.8
2013-14,Cleveland Cavaliers,0.3
2013-14,Dallas Mavericks,1.3
2013-14,Denver Nuggets,-2.5
2013-14,Detroit Pistons,-11.8
2013-14,Golden State Warriors,3.6
2013-14,Houston Rockets,1.5
2013-14,Indiana Pacers,6.3
2013-14,Los Angeles Clippers,6.8
2013-14,Los Angeles Lakers,2.1
2013-14,Memphis Grizzlies,4.3
2013-14,Miami Heat,7.3
2013-14,Milwaukee Bucks,-0.9
2013-14,Minnesota Timberwolves,-9.7
2013-14,New Orleans Pelicans,-0.7
2013-14,New York Knicks,-6.0
2013-14,Oklahoma City Thunder,6.0
2013-14,Orlando Magic,-2.1
2013-14,Philadelphia 76ers,-3.4
2013-14,Phoenix Suns,2.5
2013-14,Portland Trail Blazers,4.7
2013-14,Sacramento Kings,-4.6
2013-14,San Antonio Spurs,9.2
2013-14,Toronto Raptors,12.8
2013-14,Utah Jazz,-9.7
2013-14,Washington Wizards,-1.4
2014-15,Atlanta Hawks,7.4
2014-15,Boston Celtics,3.2
2014-15,Brooklyn Nets,-1.0
2014-15,Charlotte Hornets,-5.1
2014-15,Chicago Bulls,7.8
2014-15,Cleveland Cavaliers,-0.5
2014-15,Dallas Mavericks,4.3
2014-15,Denver Nuggets,-5.5
2014-15,Detroit Pistons,-3.9
2014-15,Golden State Warriors,3.9
2014-15,Houston Rockets,-2.2
2014-15,Indiana Pacers,3.3
2014-15,Los Angeles Clippers,6.0
2014-15,Los Angeles Lakers,-4.7
2014-15,Memphis Grizzlies,0.6
2014-15,Miami Heat,-4.7
2014-15,Milwaukee Bucks,-4.8
2014-15,Minnesota Timberwolves,-0.5
2014-15,New Orleans Pelicans,-0.0
2014-15,New York Knicks,1.6
2014-15,Oklahoma City Thunder,-4.9
2014-15,Orlando Magic,-2.6
2014-15,Philadelphia 76ers,-4.5
2014-15,Phoenix Suns,5.0
2014-15,Portland Trail Blazers,6.9
2014-15,Sacramento Kings,-5.4
2014-15,San Antonio Spurs,4.9
2014-15,Toronto Raptors,1.9
2014-15,Utah Jazz,0.8
2014-15,Washington Wizards,-7.5
2015-16,Atlanta Hawks,10.8
2015-16,Boston Celtics,0.2
2015-16,Brooklyn Nets,-8.0
2015-16,Charlotte Hornets,5.5
2015-16,Chicago Bulls,-4.2
2015-16,Cleveland Cavaliers,3.7
2015-16,Dallas Mavericks,3.0
2015-16,Denver Nuggets,-0.9
2015-16,Detroit Pistons,5.1
2015-16,Golden State Warriors,3.5
2015-16,Houston Rockets,3.4
2015-16,Indiana Pacers,4.5
2015-16,LA Clippers,0.0
2015-16,Los Angeles Lakers,-1.8
2015-16,Memphis Grizzlies,-0.7
2015-16,Miami Heat,4.3
2015-16,Milwaukee Bucks,-7.1
2015-16,Minnesota Timberwolves,1.4
2015-16,New Orleans Pelicans,-3.7
2015-16,New York Knicks,-10.2
2015-16,Oklahoma City Thunder,-1.9
2015-16,Orlando Magic,-3.9
2015-16,Philadelphia 76ers,-9.6
2015-16,Phoenix Suns,-10.1
2015-16,Portland Trail Blazers,0.1
2015-16,Sacramento Kings,-0.5
2015-16,San Antonio Spurs,10.7
2015-16,Toronto Raptors,7.7
2015-16,Utah Jazz,2.7
2015-16,Washington Wizards,-3.3
2016-17,Atlanta Hawks,3.0
2016-17,Boston Celtics,3.9
2016-17,Brooklyn Nets,-5.0
2016-17,Charlotte Hornets,0.4
2016-17,Chicago Bulls,-2.3
2016-17,Cleveland Cavaliers,-2.9
2016-17,Dallas Mavericks,-1.3
2016-17,Denver Nuggets,-4.8
2016-17,Detroit Pistons,3.5
2016-17,Golden State Warriors,2.7
2016-17,Houston Rockets,-3.5
2016-17,Indiana Pacers,-2.8
2016-17,LA Clippers,-1.4
2016-17,Los Angeles Lakers,-2.9
2016-17,Memphis Grizzlies,2.6
2016-17,Miami Heat,3.5
2016-17,Milwaukee Bucks,0.8
2016-17,Minnesota Timberwolves,-7.2
2016-17,New Orleans Pelicans,-3.3
2016-17,New York Knicks,2.2
2016-17,Oklahoma City Thunder,2.2
2016-17,Orlando Magic,-8.9
2016-17,Philadelphia 76ers,-5.9
2016-17,Phoenix Suns,-7.9
2016-17,Portland Trail Blazers,2.0
2016-17,Sacramento Kings,0.8
2016-17,San Antonio Spurs,4.8
2016-17,Toronto Raptors,13.4
2016-17,Utah Jazz,11.6
2016-17,Washington Wizards,4.2
2017-18,Atlanta Hawks,0.2
2017-18,Boston Celtics,5.9
2017-18,Brooklyn Nets,-4.9
2017-18,Charlotte Hornets,-1.6
2017-18,Chicago Bulls,-4.5
2017-18,Cleveland Cavaliers,4.2
2017-18,Dallas Mavericks,-4.0
2017-18,Denver Nuggets,-2.6
2017-18,Detroit Pistons,3.2
2017-18,Golden State Warriors,2.8
2017-18,Houston Rockets,1.3
2017-18,Indiana Pacers,0.3
2017-18,LA Clippers,6.9
2017-18,Los Angeles Lakers,-1.5
2017-18,Memphis Grizzlies,-6.6
2017-18,Miami Heat,2.6
2017-18,Milwaukee Bucks,-4.6
2017-18,Minnesota Timberwolves,-1.5
2017-18,New Orleans Pelicans,1.8
2017-18,New York Knicks,-5.9
2017-18,Oklahoma City Thunder,6.5
2017-18,Orlando Magic,-0.9
2017-18,Philadelphia 76ers,-4.7
2017-18,Phoenix Suns,-2.6
2017-18,Portland Trail Blazers,-2.9
2017-18,Sacramento Kings,-4.6
2017-18,San Antonio Spurs,6.5
2017-18,Toronto Raptors,8.1
2017-18,Utah Jazz,8.4
2017-18,Washington Wizards,-4.8
2018-19,Atlanta Hawks,-1.1
2018-19,Boston Celtics,6.9
2018-19,Brooklyn Nets,-2.3
2018-19,Charlotte Hornets,-2.9
2018-19,Chicago Bulls,-5.6
2018-19,Cleveland Cavaliers,-7.5
2018-19,Dallas Mavericks,1.1
2018-19,Denver Nuggets,5.1
2018-19,Detroit Pistons,3.0
2018-19,Golden State Warriors,1.7
2018-19,Houston Rockets,2.8
2018-19,Indiana Pacers,2.2
2018-19,LA Clippers,4.5
2018-19,Los Angeles Lakers,-4.6
2018-19,Memphis Grizzlies,-7.0
2018-19,Miami Heat,-4.0
2018-19,Milwaukee Bucks,8.4
2018-19,Minnesota Timberwolves,-5.3
2018-19,New Orleans Pelicans,3.5
2018-19,New York Knicks,-3.5
2018-19,Oklahoma City Thunder,2.4
2018-19,Orlando Magic,-1.1
2018-19,Philadelphia 76ers,2.5
2018-19,Phoenix Suns,-8.1
2018-19,Portland Trail Blazers,-1.7
2018-19,Sacramento Kings,-0.0
2018-19,San Antonio Spurs,2.5
2018-19,Toronto Raptors,-1.3
2018-19,Utah Jazz,4.1
2018-19,Washington Wizards,4.5
2019-20,Atlanta Hawks,-6.2
2019-20,Boston Celtics,3.8
2019-20,Brooklyn Nets,-5.7
2019-20,Charlotte Hornets,-8.0
2019-20,Chicago Bulls,-5.0
2019-20,Cleveland Cavaliers,-0.8
2019-20,Dallas Mavericks,1.9
2019-20,Denver Nuggets,0.6
2019-20,Detroit Pistons,-1.0
2019-20,Golden State Warriors,-0.5
2019-20,Houston Rockets,-1.3
2019-20,Indiana Pacers,-1.4
2019-20,LA Clippers,3.3
2019-20,Los Angeles Lakers,6.7
2019-20,Memphis Grizzlies,-2.3
2019-20,Miami Heat,-4.4
2019-20,Milwaukee Bucks,9.4
2019-20,Minnesota Timberwolves,-2.2
2019-20,New Orleans Pelicans,1.3
2019-20,New York Knicks,-3.3
2019-20,Oklahoma City Thunder,8.8
2019-20,Orlando Magic,-1.2
2019-20,Philadelphia 76ers,-0.0
2019-20,Phoenix Suns,-0.9
2019-20,Portland Trail Blazers,3.6
2019-20,Sacramento Kings,-1.0
2019-20,San Antonio Spurs,-3.1
2019-20,Toronto Raptors,6.5
2019-20,Utah Jazz,-0.4
2019-20,Washington Wizards,-0.3
2020-21,Atlanta Hawks,3.1
2020-21,Boston Celtics,1.9
2020-21,Brooklyn Nets,6.2
2020-21,Charlotte Hornets,0.5
2020-21,Chicago Bulls,-5.2
2020-21,Cleveland Cavaliers,-7.7
2020-21,Dallas Mavericks,-1.2
2020-21,Denver Nuggets,1.9
2020-21,Detroit Pistons,-0.8
2020-21,Golden State Warriors,0.7
2020-21,Houston Rockets,-6.0
2020-21,Indiana Pacers,-1.0
2020-21,LA Clippers,5.7
2020-21,Los Angeles Lakers,4.7
2020-21,Memphis Grizzlies,-1.0
2020-21,Miami Heat,-4.2
2020-21,Milwaukee Bucks,-0.8
2020-21,Minnesota Timberwolves,1.1
2020-21,New Orleans Pelicans,2.1
2020-21,New York Knicks,-1.2
2020-21,Oklahoma City Thunder,-4.9
2020-21,Orlando Magic,-7.2
2020-21,Philadelphia 76ers,6.8
2020-21,Phoenix Suns,2.9
2020-21,Portland Trail Blazers,2.3
2020-21,Sacramento Kings,-4.5
2020-21,San Antonio Spurs,-2.0
2020-21,Toronto Raptors,3.1
2020-21,Utah Jazz,5.8
2020-21,Washington Wizards,-0.7
2021-22,Atlanta Hawks,-5.1
2021-22,Boston Celtics,0.6
2021-22,Brooklyn Nets,0.3
2021-22,Charlotte Hornets,4.9
2021-22,Chicago Bulls,3.7
2021-22,Cleveland Cavaliers,-2.6
2021-22,Dallas Mavericks,-0.2
2021-22,Denver Nuggets,-8.9
2021-22,Detroit Pistons,-7.0
2021-22,Golden State Warriors,8.0
2021-22,Houston Rockets,-4.1
2021-22,Indiana Pacers,-1.8
2021-22,LA Clippers,5.8
2021-22,Los Angeles Lakers,0.4
2021-22,Memphis Grizzlies,0.2
2021-22,Miami Heat,3.3
2021-22,Milwaukee Bucks,5.0
2021-22,Minnesota Timberwolves,-3.7
2021-22,New Orleans Pelicans,1.3
2021-22,New York Knicks,-2.6
2021-22,Oklahoma City Thunder,-2.5
2021-22,Orlando Magic,-1.6
2021-22,Philadelphia 76ers,2.2
2021-22,Phoenix Suns,9.7
2021-22,Portland Trail Blazers,-14.9
2021-22,Sacramento Kings,-5.6
2021-22,San Antonio Spurs,2.2
2021-22,Toronto Raptors,4.6
2021-22,Utah Jazz,3.7
2021-22,Washington Wizards,4.9
2022-23,Atlanta Hawks,-4.6
2022-23,Boston Celtics,2.7
2022-23,Brooklyn Nets,3.4
2022-23,Charlotte Hornets,-3.0
2022-23,Chicago Bulls,2.7
2022-23,Cleveland Cavaliers,11.0
2022-23,Dallas Mavericks,-1.8
2022-23,Denver Nuggets,-2.6
2022-23,Detroit Pistons,-8.3
2022-23,Golden State Warriors,2.3
2022-23,Houston Rockets,-8.1
2022-23,Indiana Pacers,0.2
2022-23,LA Clippers,2.9
2022-23,Los Angeles Lakers,8.7
2022-23,Memphis Grizzlies,-5.8
2022-23,Miami Heat,6.5
2022-23,Milwaukee Bucks,3.4
2022-23,Minnesota Timberwolves,-2.2
2022-23,New Orleans Pelicans,2.6
2022-23,New York Knicks,0.6
2022-23,Oklahoma City Thunder,-3.0
2022-23,Orlando Magic,2.5
2022-23,Philadelphia 76ers,10.1
2022-23,Phoenix Suns,-1.6
2022-23,Portland Trail Blazers,-6.3
2022-23,Sacramento Kings,7.0
2022-23,San Antonio Spurs,-16.9
2022-23,Toronto Raptors,0.4
2022-23,Utah Jazz,-0.9
2022-23,Washington Wizards,-0.6
2023-24,Atlanta Hawks,-5.0
2023-24,Boston Celtics,7.2
2023-24,Brooklyn Nets,-1.3
2023-24,Charlotte Hornets,-2.7
2023-24,Chicago Bulls,2.0
2023-24,Cleveland Cavaliers,0.4
2023-24,Dallas Mavericks,3.6
2023-24,Denver Nuggets,3.3
2023-24,Detroit Pistons,-6.1
2023-24,Golden State Warriors,-1.9
2023-24,Houston Rockets,-0.0
2023-24,Indiana Pacers,2.6
2023-24,LA Clippers,0.7
2023-24,Los Angeles Lakers,1.9
2023-24,Memphis Grizzlies,1.1
2023-24,Miami Heat,-5.5
2023-24,Milwaukee Bucks,0.8
2023-24,Minnesota Timberwolves,6.7
2023-24,New Orleans Pelicans,-0.2
2023-24,New York Knicks,4.1
2023-24,Oklahoma City Thunder,3.3
2023-24,Orlando Magic,3.8
2023-24,Philadelphia 76ers,2.4
2023-24,Phoenix Suns,-9.9
2023-24,Portland Trail Blazers,-3.2
2023-24,Sacramento Kings,-2.9
2023-24,San Antonio Spurs,-0.6
2023-24,Toronto Raptors,-3.8
2023-24,Utah Jazz,1.0
2023-24,Washington Wizards,-1.2
2024-25,Atlanta Hawks,5.3
2024-25,Boston Celtics,3.8
2024-25,Brooklyn Nets,-7.5
2024-25,Charlotte Hornets,-5.8
2024-25,Chicago Bulls,1.9
2024-25,Cleveland Cavaliers,11.6
2024-25,Dallas Mavericks,1.5
2024-25,Denver Nuggets,1.3
2024-25,Detroit Pistons,1.1
2024-25,Golden State Warriors,5.2
2024-25,Houston Rockets,-1.5
2024-25,Indiana Pacers,9.9
2024-25,LA Clippers,4.2
2024-25,Los Angeles Lakers,-2.2
2024-25,Memphis Grizzlies,0.2
2024-25,Miami Heat,-3.8
2024-25,Milwaukee Bucks,1.6
2024-25,Minnesota Timberwolves,8.9
2024-25,New Orleans Pelicans,-4.0
2024-25,New York Knicks,-4.7
2024-25,Oklahoma City Thunder,9.1
2024-25,Orlando Magic,3.3
2024-25,Philadelphia 76ers,-7.0
2024-25,Phoenix Suns,-2.2
2024-25,Portland Trail Blazers,-5.6
2024-25,Sacramento Kings,0.2
2024-25,San Antonio Spurs,-1.7
2024-25,Toronto Raptors,-3.1
2024-25,Utah Jazz,-9.8
2024-25,Washington Wizards,-10.1
2025-26,Atlanta Hawks,4.6
2025-26,Boston Celtics,4.7
2025-26,Brooklyn Nets,-6.1
2025-26,Charlotte Hornets,-4.9
2025-26,Chicago Bulls,-1.6
2025-26,Cleveland Cavaliers,5.8
2025-26,Dallas Mavericks,-0.2
2025-26,Denver Nuggets,-2.8
2025-26,Detroit Pistons,5.2
2025-26,Golden State Warriors,4.0
2025-26,Houston Rockets,-0.9
2025-26,Indiana Pacers,-4.8
2025-26,LA Clippers,-0.1
2025-26,Los Angeles Lakers,7.1
2025-26,Memphis Grizzlies,-4.9
2025-26,Miami Heat,3.2
2025-26,Milwaukee Bucks,-0.7
2025-26,Minnesota Timberwolves,8.2
2025-26,New Orleans Pelicans,-1.7
2025-26,New York Knicks,10.2
2025-26,Oklahoma City Thunder,8.8
2025-26,Orlando Magic,0.4
2025-26,Philadelphia 76ers,5.1
2025-26,Phoenix Suns,-6.2
2025-26,Portland Trail Blazers,-5.9
2025-26,Sacramento Kings,-13.4
2025-26,San Antonio Spurs,4.3
2025-26,Toronto Raptors,-2.3
2025-26,Utah Jazz,-4.9
2025-26,Washington Wizards,-10.7
