-11.978,-0.629
0.382,15.34
-6.925,1.976
-3.861,11.206
8.637,11.146
-5.116,3.951
7.774,0.564
-8.006,1.081
-13.983,-14.384
13.977,-4.663
0.937,-2.312
-10.109,-4.512
0.607,1.961
4.683,-4.195
4.145,7.485
-5.619,-11.645
-7.175,-4.796
-1.29,-6.486
-11.826,3.572
2.753,5.357
8.243,2.908
5.496,8.708
3.712,7.211
-10.95,-11.119
-4.169,-8.811
2.326,3.217
16.459,-4.629
1.408,-1.301
8.251,0.933
-0.629,8.731
15.34,3.549
11.206,1.955
11.146,0.397
3.951,2.97
0.564,-12.5
1.081,6.992
-14.384,-3.603
-4.663,11.984
-2.312,-10.689
-4.512,-18.446
1.961,8.378
-1.301,-3.135
-4.195,-11.528
7.485,1.901
-11.645,12.174
-4.796,-22.336
-6.486,-5.005
3.572,1.246
5.357,1.237
2.908,19.533
8.708,-3.721
7.211,-3.962
-11.119,-3.469
-8.811,2.024
3.217,3.803
-4.629,1.067
0.933,-0.158
8.731,-11.996
3.549,-2.429
1.955,-10.36
0.397,-1.44
2.97,-19.292
-12.5,12.738
6.992,2.825
-3.603,-10.756
11.984,-1.799
-10.689,12.297
-18.446,-7.839
8.378,13.63
-3.135,7.435
-11.528,10.599
1.901,-3.97
12.174,5.31
-22.336,-2.543
3.522,1.693
-5.005,12.543
1.246,5.223
1.237,-5.719
19.533,-10.157
-3.721,4.095
-3.962,3.1
-3.469,-9.668
2.024,3.684
3.803,-1.032
1.067,12.585
-0.158,-6.792
-11.996,-4.818
-2.429,2.645
-10.36,8.237
-1.44,-8.99
-19.292,10.572
12.738,8.545
2.825,3.688
-10.756,9.025
-1.799,-13.232
12.297,8.049
-7.839,-4.693
13.63,5.952
7.435,7.881
10.599,4.316
-3.97,-0.027
5.31,10.619
-2.543,5.796
1.693,-11.868
12.543,-12.378
5.223,-7.281
-5.719,1.568
-10.157,5.871
4.095,-9.7
3.1,-1.939
-9.668,-9.641
3.684,12.071
-1.032,7.914
12.585,-6.705
-6.792,0.187
-4.818,-6.09
2.645,-5.882
-9.941,5.207
8.237,12.235
-8.99,4.778
10.572,1.529
8.545,-0.025
3.688,3.61
9.025,-10.401
-13.232,-1.67
8.049,-12.248
-4.693,18.131
5.952,-3.481
7.881,6.46
4.316,5.452
-0.027,9.451
10.619,-12.496
5.796,8.652
-11.868,12.511
-12.378,-6.295
-7.281,-1.816
1.568,-1.901
5.871,-4.995
-9.7,-2.517
-1.939,2.37
-9.641,4.82
12.071,4.565
7.914,-9.625
-6.705,6.058
0.187,-6.816
-6.09,-0.304
-5.882,3.171
5.207,-5.558
12.235,3.226
4.778,6.472
1.529,17.692
-0.025,-6.647
3.61,7.902
-10.401,-6.411
-1.67,-13.614
-12.248,4.139
18.131,-1.808
-3.481,-0.955
6.46,0.091
5.452,10.494
9.451,-4.958
-12.496,0.994
8.652,-7.764
12.511,6.297
-6.295,7.645
-1.816,-16.965
-1.901,11.86
-4.995,-0.718
-2.517,5.648
2.37,-13.648
4.82,-6.951
4.565,4.674
-9.625,5.67
6.058,3.389
-6.816,-12.024
-0.304,-9.13
3.171,-9.049
-5.558,5.952
3.226,-22.915
6.472,22.423
17.692,1.696
-6.647,-0.185
7.902,0.094
-6.411,11.378
-13.614,-10.194
4.139,-10.476
-1.808,-5.142
-0.955,-4.8
0.091,-4.493
10.494,-16.781
-4.958,4.955
0.994,-5.938
-7.764,11.094
6.297,1.11
7.645,-0.25
-16.965,0.757
11.86,9.983
-0.718,9.016
5.648,3.746
-13.648,5.162
-6.951,4.923
4.674,8.505
5.67,-8.258
3.389,-8.977
-12.024,2.137
-9.13,11.099
-9.049,4.366
5.952,2.166
-22.915,3.119
22.423,23.635
1.696,12.245
-0.185,-1.171
0.094,-4.318
11.378,-13.732
-10.194,-14.774
-10.476,-2.885
-5.142,-11.672
-4.8,10.494
-4.493,-17.532
-16.781,1.52
4.955,-5.789
-5.938,-13.839
11.094,-0.198
1.11,12.808
-0.25,-9.885
0.757,10.669
9.983,12.38
9.016,0.129
3.746,0.223
5.162,-2.466
4.923,4.265
8.505,4.606
-8.258,-0.944
-8.977,3.439
2.137,-12.134
11.099,-2.887
4.366,2.516
2.166,-2.442
3.119,0.88
23.635,15.861
12.245,15.963
-1.171,3.133
-4.318,-1.147
-13.732,-15.625
-14.774,6.252
-2.885,-16.877
-11.672,21.429
10.494,-1.069
-17.532,0.667
1.52,-1.222
-5.789,2.38
-13.839,3.538
-0.198,-15.664
12.808,12.14
-9.885,6.313
4.606,-9.276
10.669,-0.333
12.38,-13.085
0.129,0.926
0.223,1.121
-2.466,-12.1
4.265,-18.34
-0.944,14.562
3.439,-10.35
-12.134,-3.652
-2.887,9.797
2.516,-5.669
-2.442,11.927
0.88,9.995
15.861,18.211
15.963,25.149
3.133,0.771
-1.147,-0.517
-15.625,4.086
6.252,-14.861
-16.877,-7.127
21.429,2.127
-1.069,3.048
0.667,-9.323
-1.222,2.963
2.38,-3.676
3.538,-31.971
-15.664,0.661
12.14,9.544
6.313,-5.009
-9.276,9.975
-0.333,-5.526
-13.085,-11.858
0.926,1.182
1.121,11.527
-12.1,-13.125
-18.34,1.472
14.562,-13.424
-10.35,10.345
-3.652,-7.81
9.797,14.24
-5.669,-1.802
11.927,-18.338
9.995,4.519
18.211,4.577
25.149,1.152
0.771,-5.282
-0.517,-3.826
4.086,-14.213
-14.861,6.385
-7.127,18.06
2.127,-3.739
3.048,17.598
-9.323,10.757
2.963,3.971
-3.676,-11.407
-31.971,-1.066
0.661,-11.077
9.544,-7.911
-5.009,2.903
9.975,-0.793
-5.526,14.325
-11.858,-19.129
1.182,-14.361
11.527,-2.775
-13.125,13.311
1.472,8.101
-13.424,-22.161
10.345,-2.165
-7.81,-15.295
14.24,14.318
-1.802,-2.212
-18.338,5.155
4.519,6.193
4.577,-2.104
1.152,-0.569
-5.282,6.392
-3.826,1.133
-14.213,7.055
6.385,-1.453
18.06,7.283
-3.739,-7.151
17.598,11.534
10.757,3.015
3.971,24.941
-11.407,4.196
-1.066,-5.253
-11.077,-2.909
-7.911,-18.955
2.903,1.458
-0.793,0.225
14.325,-10.005
-19.129,-2.051
-14.361,1.144
-2.775,1.849
13.311,3.423
8.101,-5.219
-22.161,-23.611
-2.165,5.391
-15.295,-17.87
14.318,6.077
-2.909,-0.945
-2.212,-19.782
5.155,2.396
6.193,6.234
-2.104,-3.239
-0.569,10.17
6.392,-4.62
1.133,-20.717
7.055,1.86
-1.453,10.594
7.283,14.583
-7.151,4.581
11.534,6.836
3.015,24.961
24.941,1.88
4.196,-13.061
-5.253,-19.156
-18.955,1.229
1.458,-7.237
0.225,-2.419
-10.005,-11.601
-2.051,16.015
1.144,-3.537
1.849,8.47
3.423,-4.875
-5.219,4.985
-23.611,4.641
5.391,-4.693
-17.87,-7.875
6.077,14.952
-0.945,-7.6
-19.782,-1.072
2.396,-6.271
6.234,6.232
-3.239,4.927
10.17,14.657
-4.62,-4.634
-20.717,-9.015
1.86,8.992
10.594,-5.334
14.583,2.559
4.581,0.091
6.836,-7.176
24.961,9.98
1.88,14.537
-13.061,-2.568
-19.156,5.15
1.229,0.062
-7.237,0.558
-2.419,-3.424
-11.601,5.855
16.015,1.864
-3.537,2.541
8.47,9.882
-4.875,-5.239
4.985,-7.865
4.641,-7.448
-4.693,-1.933
-7.875,-15.03
14.952,2.628
-7.6,0.301
-1.072,3.049
-6.271,8.064
6.232,-3.052
4.927,-0.893
14.657,14.769
-4.634,-2.985
-9.015,10.156
8.992,25.351
-5.334,11.331
2.559,-8.255
0.091,4.294
-7.176,1.948
9.98,13.743
14.537,14.209
-2.568,10.672
5.15,-0.039
0.062,-1.318
0.558,-8.363
-3.424,-15.91
5.855,-1.47
1.864,-34.676
2.541,-21.032
9.882,-2.749
-5.239,-10.891
-7.865,7.535
-7.448,3.813
-1.933,-21.242
-15.03,-2.63
2.628,14.753
0.301,-9.924
3.049,7.437
8.064,-4.094
-3.052,8.904
-0.893,10.494
14.769,-3.168
-2.985,-8.472
10.156,-10.748
25.351,-1.652
11.331,-11.378
-8.255,-0.975
4.294,-2.624
1.948,-9.6
13.743,5.618
14.209,-11.89
10.672,-10.933
-0.039,-8.832
-1.318,-1.95
-8.363,1.609
-15.91,22.138
-1.47,-6.361
-34.676,-5.509
-21.032,-11.281
-2.749,2.993
-10.891,-6.973
7.535,14.417
3.813,10.265
-21.242,11.409
-2.63,11.357
14.753,-0.439
-9.924,-6.369
7.437,-2.626
-4.094,-0.857
8.904,5.712
10.494,19.787
-3.168,-25.523
-8.472,2.705
-10.748,-8.111
-1.652,1.904
-11.378,18.643
-0.975,15.444
-2.624,-8.735
-9.6,-4.699
5.618,1.744
-11.89,7.892
-10.933,2.011
-8.832,-9.559
-1.95,5.505
1.609,-8.847
22.138,-6.35
-6.361,-4.046
-5.509,12.823
-11.281,-0.615
2.993,3.614
-6.973,9.828
14.417,-0.757
10.265,-7.256
11.409,1.916
11.357,-8.711
-0.439,11.742
-6.369,-2.045
-2.626,4.8
-0.857,-0.689
5.712,-0.025
19.787,-1.611
-25.523,-7.121
2.705,7.815
-8.111,-1.735
1.904,-0.494
18.643,-6.46
15.444,5.964
-8.735,17.744
-4.699,8.764
1.744,-4.546
7.892,-3.883
2.011,-5.72
-9.559,-11.77
5.505,-9.284
-8.847,1.006
-6.35,-1.067
-4.046,-3.196
12.823,0.779
-0.615,-0.201
3.614,4.989
9.828,0.101
-0.757,-0.501
-7.256,2.02
1.916,-1.417
-8.711,-0.998
11.742,5.836
-2.045,3.645
4.8,-2.794
-0.689,16.744
-0.025,-17.673
-1.611,1.272
-7.121,-12.881
7.815,13.427
-1.735,-20.96
-0.494,-13.369
-6.46,16.063
5.964,7.86
17.744,1.383
8.764,0.139
-4.546,-15.141
-3.883,-19.676
-5.72,8.769
-11.77,-7.007
-9.284,-25.078
1.006,10.327
-1.067,24.368
-3.196,-7.721
0.779,3.051
-0.201,-0.987
4.989,7.15
0.101,-0.74
-0.501,-5.834
2.02,14.61
-1.417,9.945
-0.998,-10.815
5.836,-1.542
3.645,5.51
-2.794,-12.102
16.744,21.698
-17.673,-6.896
1.272,0.996
-12.881,-7.971
13.427,0.621
-20.96,-15.973
-13.369,-7.792
16.063,-8.479
7.86,-1.766
1.383,-13.361
0.139,7.977
-15.141,-10.477
-19.676,-6.841
8.769,-4.304
-7.007,-6.57
-25.078,7.864
10.327,9.057
24.368,11.512
-7.721,10.018
3.051,9.556
-0.987,-3.535
7.15,27.295
-0.74,-3.167
-5.834,-2.423
14.61,-12.112
9.945,-0.877
-10.815,4.383
-1.542,-10.511
5.51,8.608
-12.102,-16.808
21.698,-2.517
-6.896,16.655
0.996,3.526
-7.971,-10.898
0.621,1.504
-15.973,-8.42
-7.792,-2.769
-8.479,-1.608
-1.766,-19.376
-13.361,9.537
7.977,-0.362
-10.477,2.595
-6.841,-3.376
-4.304,12.071
-6.57,-1.644
7.864,-4.06
9.057,-22.793
11.512,4.374
10.018,5.775
9.556,-0.541
-3.535,25.959
27.295,10.26
-3.167,6.606
-2.423,-10.614
-12.112,8.266
-0.877,-14.59
4.383,16.107
-10.511,-16.599
8.608,4.536
-16.808,-2.45
-2.517,0.484
16.655,-0.449
3.526,-6.49
-10.898,-0.936
1.504,9.345
-8.42,-10.126
-2.769,3.665
-1.608,-1.54
-19.376,2.631
9.537,2.036
-0.362,3.628
2.595,-2.911
-3.376,17.376
12.071,3.58
-1.644,-0.439
-4.06,7.287
-22.793,-12.609
4.374,-10.185
5.775,-9.261
-0.541,12.537
25.959,-5.465
10.26,-2.862
6.606,9.739
-10.614,-4.233
8.266,-2.329
-14.59,8.428
16.107,-7.695
-16.599,-12.764
4.536,-3.764
-2.45,1.274
0.484,9.03
-0.449,25.749
-6.49,-7.256
-0.936,19.728
9.345,20.046
-10.126,-25.369
3.665,-2.172
-1.54,-14.062
2.631,-0.797
2.036,13.45
3.628,8.528
-2.911,-0.474
17.376,-15.107
3.58,11.217
-0.439,-17.971
7.287,-17.887
-12.609,9.025
-10.185,4.281
-9.261,1.305
12.537,-1.03
-5.465,-6.303
-2.862,11.253
9.739,-0.273
-4.233,-6.289
-2.329,-0.118
8.428,16.937
-7.695,-29.262
-12.764,8.863
-3.764,-9.291
1.274,1.196
9.03,3.025
25.749,16.625
-7.256,9.804
19.728,2.578
20.046,14.964
-25.369,-11.765
-2.172,-2.549
-14.062,-4.57
-0.797,15.681
13.45,-5.122
8.528,2.749
-0.474,4.55
-15.107,-15.885
11.217,6.739
-17.971,-14.489
-17.887,10.594
9.025,-1.271
1.305,7.077
-1.03,-6.493
-6.303,-3.01
11.253,-5.565
-0.273,5.991
-6.289,-1.103
-0.118,-13.948
16.937,-11.392
-29.262,0.816
8.863,2.933
-9.291,-23.982
1.196,-11.631
3.025,-11.192
16.625,-4.318
9.804,3.545
2.578,-5.66
14.964,-12.822
-11.765,5.759
-2.549,-6.308
-4.57,-8.558
15.681,-1.154
-5.122,-1.129
4.55,-15.949
-15.885,-6.84
6.739,12.159
-14.489,-0.02
10.594,-13.146
-1.271,13.776
7.077,1.393
-6.493,21.057
-3.01,-1.561
-5.565,-0.37
5.991,-1.705
-1.103,5.526
-13.948,-1.27
-11.392,14.791
0.816,9.155